{"type":"FeatureCollection", "features": [
{"type":"Feature","geometry":{"type":"Polygon","coordinates":[[[81.38565552440345,16.84442330036222],[81.38652060577928,16.845589642621462],[81.38668643342844,16.84556270700964],[81.38678954888503,16.845500729538664],[81.38698473603023,16.845320247686004],[81.38709689828983,16.845143729955215],[81.38712758879866,16.845104228486345],[81.38758837919143,16.84632790637565],[81.38756851049887,16.846404927202098],[81.38736094785425,16.84641483831644],[81.38700953322666,16.84655523500869],[81.38651382199154,16.846788101699257],[81.38556457364426,16.84730887200217],[81.38502789991294,16.847591235582332],[81.38434615101303,16.847899540865967],[81.38421256344843,16.848020025620393],[81.38419335790041,16.848154068438856],[81.38409256642778,16.84841562268549],[81.38399221776812,16.848715191747175],[81.38374679428988,16.84904070343243],[81.38355004977727,16.849088130249594],[81.38337129324556,16.848896973250255],[81.38332834052085,16.84877540632784],[81.38323294283781,16.848608797534272],[81.3831694552058,16.848507228695045],[81.38295117952434,16.84848911958704],[81.38288890994954,16.84849209155765],[81.38307272910949,16.84822657519916],[81.38314305156398,16.84802352975182],[81.38349997734214,16.84746448062965],[81.38370255748949,16.847026906073044],[81.3840393881192,16.84652586907289],[81.38448904684795,16.845905337489626],[81.38489707953626,16.845277282929754],[81.38529628312318,16.844782775073565],[81.38558309987208,16.844445776020677],[81.38565552440345,16.84442330036222]]]},"properties":{"Id":1,"Lp_number":61,"area":0,"perimeter":0,"LP":null,"LP_Match":null}},
{"type":"Feature","geometry":{"type":"Polygon","coordinates":[[[81.38756851049887,16.846404927202098],[81.38765475309434,16.846676570365094],[81.38770930669527,16.846902181626973],[81.38788939713287,16.847207379375188],[81.38789194928184,16.847425964741255],[81.3879665939892,16.847593562482565],[81.38804257048747,16.847875204721625],[81.38800316607117,16.848057757568295],[81.3870521409268,16.848426475352188],[81.38698543468428,16.848049300080064],[81.38695075066492,16.84774666787752],[81.38690435760863,16.847330486630167],[81.38673741940542,16.847262385310533],[81.38666233230157,16.847056772236975],[81.38651382199154,16.846788101699257],[81.38700953322666,16.84655523500876],[81.38736094785425,16.84641483831644],[81.38756851049887,16.846404927202098]]]},"properties":{"Id":2,"Lp_number":60,"area":0,"perimeter":0,"LP":null,"LP_Match":null}},
{"type":"Feature","geometry":{"type":"Polygon","coordinates":[[[81.38651382199154,16.846788101699257],[81.38659445000484,16.846933966239774],[81.38673741940542,16.847262385310533],[81.38690435760863,16.84733048663023],[81.38695075066492,16.84774666787752],[81.38698543468428,16.84804930008013],[81.3870521409268,16.848426475352188],[81.38682537231706,16.8485704290107],[81.38638981833414,16.84861975176897],[81.38626594455523,16.848682720054367],[81.38587234666197,16.848768074580114],[81.38546803759303,16.848825412673676],[81.38526564121577,16.848388151690674],[81.38520920591273,16.848000976604844],[81.38502789991294,16.847591235582396],[81.38651382199154,16.846788101699257]]]},"properties":{"Id":3,"Lp_number":62,"area":0,"perimeter":0,"LP":null,"LP_Match":null}},
{"type":"Feature","geometry":{"type":"Polygon","coordinates":[[[81.38546803759303,16.848825412673676],[81.38493907812993,16.848879191468527],[81.38468878062027,16.848786540790538],[81.3845846654955,16.848762983799045],[81.38437226129317,16.849248573128158],[81.3840288912237,16.84918889140171],[81.38374679428988,16.84904070343243],[81.38399221776812,16.848715191747175],[81.38413852445484,16.848296361527492],[81.38421256344843,16.848020025620393],[81.38434615101303,16.847899540865967],[81.38502789991294,16.847591235582396],[81.38520920591273,16.848000976604844],[81.38526564121577,16.848388151690674],[81.38546803759303,16.848825412673676]]]},"properties":{"Id":4,"Lp_number":63,"area":0,"perimeter":0,"LP":null,"LP_Match":null}},
{"type":"Feature","geometry":{"type":"Polygon","coordinates":[[[81.38756851049887,16.846404927202098],[81.38758837919143,16.84632790637565],[81.38808608534244,16.846266103953813],[81.38877081924676,16.84621438665305],[81.38889535664251,16.84620843915782],[81.38917512164768,16.846157042175495],[81.38984803291514,16.84598226870665],[81.38994176900215,16.846006318733647],[81.39003794861006,16.846239450321665],[81.39010210550647,16.846398039252485],[81.39016715111526,16.84663265782794],[81.39023164149505,16.84681975783253],[81.38929916270565,16.846997420278125],[81.3887179857894,16.847025175800766],[81.38788939713287,16.847207379375188],[81.38770930669527,16.846902181626973],[81.38756851049887,16.846404927202098]]]},"properties":{"Id":5,"Lp_number":198,"area":0,"perimeter":0,"LP":null,"LP_Match":null}},
{"type":"Feature","geometry":{"type":"Polygon","coordinates":[[[81.39023164149505,16.84681975783253],[81.39032748863588,16.847024378126267],[81.39037155624347,16.84724098059826],[81.39025884046148,16.847369981506077],[81.39005394267564,16.847607984350326],[81.38992058113712,16.847747480159505],[81.38990060219385,16.847814997476572],[81.38986131064105,16.84800705435144],[81.3897474834948,16.848041017906922],[81.3894782051643,16.84810142376369],[81.38895002619337,16.848221738794745],[81.3889167822196,16.84804265521585],[81.38877015509597,16.847935549481374],[81.38822022083065,16.847971320491148],[81.38801926231358,16.847983186910593],[81.38800133979822,16.84772236410166],[81.38789194928184,16.847425964741255],[81.38788939713287,16.847207379375188],[81.3887179857894,16.847025175800766],[81.38929916270565,16.846997420278125],[81.39023164149505,16.84681975783253]]]},"properties":{"Id":6,"Lp_number":57,"area":0,"perimeter":0,"LP":null,"LP_Match":null}},
{"type":"Feature","geometry":{"type":"Polygon","coordinates":[[[81.38986131064105,16.84800705435144],[81.38992580121837,16.848194154423716],[81.38997946941991,16.84834373532561],[81.39006438348957,16.8485013328511],[81.39029392660997,16.848594968333344],[81.39037695253313,16.848591002708833],[81.39041979859077,16.84870306435996],[81.39047391170827,16.848890659938405],[81.39049744561846,16.849127261163325],[81.39049977864337,16.849326838982215],[81.39005384577656,16.84937666523992],[81.38948381737256,16.849470453330607],[81.38916242339896,16.84951432969268],[81.38908555633769,16.849156658297467],[81.38906046983787,16.84878700495892],[81.38897411320718,16.848505858794844],[81.38895002619337,16.848221738794745],[81.3894782051643,16.84810142376369],[81.3897474834948,16.848041017906922],[81.38986131064105,16.84800705435144]]]},"properties":{"Id":7,"Lp_number":58,"area":0,"perimeter":0,"LP":null,"LP_Match":null}},
{"type":"Feature","geometry":{"type":"Polygon","coordinates":[[[81.38906046983787,16.84878700495892],[81.38906746114607,16.848890023104225],[81.3887811449892,16.848876416687695],[81.3882721661509,16.848862686839738],[81.38782578982736,16.848874493408818],[81.38768082697507,16.848909942561423],[81.38744279246376,16.848978362782127],[81.38732918615473,16.849031332436002],[81.38710108593092,16.84906124186916],[81.38692443336012,16.84905065855427],[81.38698603750287,16.848990663088827],[81.38694374797429,16.84892611924123],[81.38692199317566,16.848841576899854],[81.38682537231706,16.8485704290107],[81.3870521409268,16.848426475352188],[81.38800316607117,16.848057757568295],[81.38801926231358,16.847983186910593],[81.38822022083065,16.847971320491148],[81.38877015509597,16.847935549481374],[81.3889167822196,16.84804265521585],[81.38895002619337,16.848221738794745],[81.38897411320718,16.848505858794844],[81.38906046983787,16.84878700495892]]]},"properties":{"Id":8,"Lp_number":59,"area":0,"perimeter":0,"LP":null,"LP_Match":null}},
{"type":"Feature","geometry":{"type":"Polygon","coordinates":[[[81.38668643342844,16.84556270700964],[81.38652060577928,16.845589642621526],[81.38565552440345,16.84442330036222],[81.38616622136365,16.84369525151467],[81.38635896794025,16.843305688461193],[81.38659311463233,16.842904639483095],[81.38664356274303,16.84277861360678],[81.38671465575307,16.84264209297349],[81.38683941271209,16.842655154205605],[81.38700656869581,16.842742262990093],[81.38697876218946,16.843028861087976],[81.38677269158087,16.844056164754416],[81.3866746781584,16.844555313158057],[81.38671707749296,16.844629360826183],[81.3866615740063,16.845212060573562],[81.38662294502952,16.84546113922558],[81.38668643342844,16.84556270700964]]]},"properties":{"Id":9,"Lp_number":198,"area":0,"perimeter":0,"LP":null,"LP_Match":null}},
{"type":"Feature","geometry":{"type":"Polygon","coordinates":[[[81.38668643342844,16.84556270700964],[81.38662294502952,16.84546113922558],[81.38671707749296,16.844629360826183],[81.38693512718865,16.844628458589586],[81.38712182092766,16.84461003530247],[81.38733765197584,16.844419058335344],[81.3875563670617,16.84447517773326],[81.3873115097264,16.844848212148978],[81.38712758879866,16.845104228486345],[81.38698473603023,16.845320247686004],[81.38678954888503,16.845500729538664],[81.38668643342844,16.84556270700964]]]},"properties":{"Id":10,"Lp_number":0,"area":0,"perimeter":0,"LP":null,"LP_Match":null}},
{"type":"Feature","geometry":{"type":"Polygon","coordinates":[[[81.38733765197584,16.844419058335344],[81.3872310820861,16.844513356217092],[81.38712182092766,16.84461003530247],[81.38671707749296,16.844629360826183],[81.3866746781584,16.844555313158057],[81.38674039334556,16.844220648757144],[81.38682127174658,16.84381398377076],[81.38694279964025,16.843208142444848],[81.38698894874001,16.84292386970664],[81.38709203230842,16.84294738051845],[81.3873316124499,16.843012012849528],[81.38735991155534,16.843657274454657],[81.38733765197584,16.844419058335344]]]},"properties":{"Id":11,"Lp_number":0,"area":0,"perimeter":0,"LP":null,"LP_Match":null}},
{"type":"Feature","geometry":{"type":"Polygon","coordinates":[[[81.38733765197584,16.844419058335344],[81.38735038117622,16.84398343064312],[81.38734824456574,16.843391250445208],[81.3873316124499,16.843012012849528],[81.38767375185446,16.842967148420865],[81.38770721556408,16.843165239763398],[81.38782703166595,16.843644478004553],[81.38791793355911,16.8443152771598],[81.3875563670617,16.84447517773326],[81.38733765197584,16.844419058335344]]]},"properties":{"Id":13,"Lp_number":195,"area":0,"perimeter":0,"LP":null,"LP_Match":null}},
{"type":"Feature","geometry":{"type":"Polygon","coordinates":[[[81.38791793355911,16.8443152771598],[81.38782703166595,16.84364447800462],[81.38774313391805,16.843308905609998],[81.38768512950746,16.843034499478495],[81.38845331829026,16.84303452061953],[81.38864311810708,16.8432821999845],[81.38867813682607,16.843613343134688],[81.38875422365116,16.843904488943707],[81.38813465122092,16.844200329086867],[81.38791793355911,16.8443152771598]]]},"properties":{"Id":14,"Lp_number":0,"area":0,"perimeter":0,"LP":null,"LP_Match":null}},
{"type":"Feature","geometry":{"type":"Polygon","coordinates":[[[81.38875422365116,16.843904488943707],[81.38872280955647,16.843784283203814],[81.38867813682607,16.843613343134688],[81.38864311810708,16.8432821999845],[81.38845331829026,16.84303452061953],[81.38831374398465,16.842641807367784],[81.38848916981784,16.842547848750122],[81.38878913041901,16.84244794260342],[81.38902660124316,16.842332002385778],[81.38911006853758,16.84236605218492],[81.38918382406895,16.842457619872356],[81.38932062434647,16.842612739665327],[81.38945631451416,16.842672822226316],[81.38958218204006,16.842780918920123],[81.38963795816602,16.843111070571553],[81.38970266885214,16.843317178266915],[81.38977015594477,16.84376087873571],[81.38939832516118,16.843930781888613],[81.38901511657929,16.844015646595416],[81.38875422365116,16.843904488943707]]]},"properties":{"Id":14,"Lp_number":194,"area":0,"perimeter":0,"LP":null,"LP_Match":null}},
{"type":"Feature","geometry":{"type":"Polygon","coordinates":[[[81.38875422365116,16.843904488943707],[81.38901511657929,16.844015646595416],[81.38939832516118,16.843930781888613],[81.38977015594477,16.84376087873571],[81.38986600098056,16.843965499348222],[81.38991040045458,16.84421061314311],[81.3899344882572,16.84449473312187],[81.38999886657496,16.84467232954742],[81.3900150199723,16.84516602680932],[81.38998632921616,16.845376595480182],[81.38996868286245,16.845643690722472],[81.38994176900215,16.846006318733647],[81.38965750086611,16.846031755348598],[81.38934599586624,16.846112661703632],[81.38900275638153,16.846188708280575],[81.38889535664251,16.84620843915782],[81.38849378475477,16.84623531108294],[81.38791789502712,16.846286989044412],[81.38758837919143,16.84632790637565],[81.38748676723706,16.846058066523753],[81.38731990320854,16.845614941973093],[81.38724165870029,16.84540715486463],[81.38712758879866,16.845104228486345],[81.3873115097264,16.844848212148978],[81.3875563670617,16.84447517773326],[81.38791793355911,16.8443152771598],[81.3882618446259,16.84413959563086],[81.38850944755083,16.844021367614054],[81.38875422365116,16.843904488943707]]]},"properties":{"Id":15,"Lp_number":197,"area":0,"perimeter":0,"LP":null,"LP_Match":null}},
{"type":"Feature","geometry":{"type":"Polygon","coordinates":[[[81.38288890994954,16.84849209155765],[81.38305376909008,16.84849763089683],[81.3831694552058,16.848507228695045],[81.38323294283781,16.848608797534272],[81.38337129324556,16.848896973250255],[81.3834625080062,16.8489945157125],[81.38355004977727,16.849088130249594],[81.38353100979316,16.84923642857894],[81.38349149003115,16.84940947691384],[81.38347217310906,16.849534015943668],[81.38343276398193,16.84971656798103],[81.38339357626882,16.8499181274414],[81.38334257049908,16.849996633934087],[81.38318634168418,16.8499565455637],[81.38299986369972,16.84999397281117],[81.38286560952182,16.85005743441137],[81.38270022019668,16.85012238188478],[81.3827148879002,16.849598686793957],[81.3827615761196,16.84914953545995],[81.38276857775514,16.84885917673885],[81.38277596686355,16.848602081024328],[81.38288890994954,16.84849209155765]]]},"properties":{"Id":15,"Lp_number":76,"area":0,"perimeter":0,"LP":null,"LP_Match":null}},
{"type":"Feature","geometry":{"type":"Polygon","coordinates":[[[81.38374679428988,16.84904070343243],[81.38388687282118,16.84911428797985],[81.3840288912237,16.84918889140171],[81.38437226129317,16.849248573128158],[81.3845846654955,16.848762983799045],[81.38477406848239,16.848818111178463],[81.38475321102644,16.848968890716012],[81.3847562028826,16.84922549101636],[81.38466390627124,16.84932498694087],[81.38468798707487,16.8496091075428],[81.3847427597152,16.849853727012352],[81.38477588931924,16.850023307596434],[81.38482050548036,16.850287429881732],[81.3849475946034,16.850500070134267],[81.3849501435033,16.85071865553588],[81.38468163540189,16.85084558118651],[81.38442284055206,16.85091498880332],[81.38386251822186,16.85095124372855],[81.38358230158708,16.8509646187617],[81.38346736400216,16.850903541733953],[81.38340265726134,16.85069743213877],[81.38344328481088,16.850619420990487],[81.38353436442513,16.85041538473142],[81.38357255530858,16.850128291813707],[81.38359959248129,16.84977516823601],[81.38365842903166,16.84947758084427],[81.38368624127276,16.849190983253116],[81.38374679428988,16.84904070343243]]]},"properties":{"Id":16,"Lp_number":64,"area":0,"perimeter":0,"LP":null,"LP_Match":null}},
{"type":"Feature","geometry":{"type":"Polygon","coordinates":[[[81.38477406848239,16.848818111178463],[81.38493907812993,16.848879191468527],[81.38514731795786,16.84885802009354],[81.38546803759303,16.848825412673676],[81.38587234666197,16.848768074580114],[81.38626594455523,16.848682720054367],[81.38638981833414,16.84861975176897],[81.3866252828275,16.848593087549432],[81.38682537231706,16.8485704290107],[81.38686199808642,16.848673212300877],[81.38692199317566,16.84884157689992],[81.38698603750287,16.848990663088898],[81.38695706560614,16.84917747206142],[81.38699030796536,16.84935655597201],[81.38687625763797,16.849371510535885],[81.38665908974879,16.84944844251443],[81.38662961840268,16.849592484739382],[81.38662500709998,16.850087173238872],[81.38659092426995,16.850725903922772],[81.38659225511839,16.850839948447195],[81.38648869314552,16.850863911006286],[81.38613549559572,16.850852246952414],[81.38594901737692,16.850889676882193],[81.38591876919644,16.850967193022147],[81.38553410375246,16.850928503246994],[81.38522286299288,16.850952870616002],[81.38508738979694,16.850911792824867],[81.38501429778944,16.8508772460445],[81.3849501435033,16.85071865553588],[81.3849475946034,16.850500070134267],[81.38487300288415,16.850375266430646],[81.3847968588986,16.85014744507291],[81.38472361662159,16.84976823233586],[81.38466390627124,16.84932498694094],[81.3847562028826,16.84922549101636],[81.38477406848239,16.848818111178463]]]},"properties":{"Id":17,"Lp_number":65,"area":0,"perimeter":0,"LP":null,"LP_Match":null}},
{"type":"Feature","geometry":{"type":"Polygon","coordinates":[[[81.38699030796536,16.84935655597201],[81.38714919933342,16.849624730499627],[81.38715130700555,16.84980530099894],[81.38719415146848,16.849917363344],[81.38725886200467,16.85012347168044],[81.38727378876466,16.850512628230042],[81.38713920291887,16.85054758147171],[81.3869627708098,16.85055600563973],[81.38703269486423,16.851208788383165],[81.38713586246871,16.85204065487937],[81.38716294264341,16.85258137514689],[81.38609440346588,16.852670428561833],[81.38606005249467,16.852396307461845],[81.3860627802379,16.851740055980574],[81.3859214301009,16.85119528208975],[81.38591876919644,16.850967193022147],[81.38594901737692,16.850889676882193],[81.38613549559572,16.85085224695248],[81.38630982056287,16.850858003964976],[81.38648869314552,16.850863911006286],[81.38659225511839,16.850839948447195],[81.38659843688271,16.85058511378872],[81.38661015593573,16.850365492518467],[81.38662606914826,16.84997323943856],[81.38662784207034,16.849783044970067],[81.38665908974879,16.849448442514497],[81.38687625763797,16.849371510535885],[81.38699030796536,16.84935655597201]]]},"properties":{"Id":18,"Lp_number":66,"area":0,"perimeter":0,"LP":null,"LP_Match":null}},
{"type":"Feature","geometry":{"type":"Polygon","coordinates":[[[81.38699030796536,16.84935655597201],[81.38695706560614,16.84917747206142],[81.38692443336012,16.84905065855427],[81.38710108593092,16.84906124186916],[81.38732918615473,16.849031332436002],[81.38768082697507,16.848909942561423],[81.38804306652858,16.84886874660265],[81.38815778161258,16.849738223392634],[81.38830424243203,16.85072016627565],[81.38845647682034,16.852196301659575],[81.38797873541381,16.85219058814004],[81.38789670659514,16.852280086189364],[81.3876798687331,16.852385530407616],[81.38729719708766,16.85251791074405],[81.38716294264341,16.852581375146954],[81.38713586246871,16.85204065487937],[81.38707865541636,16.851579380937608],[81.38703269486423,16.851208788383232],[81.38700370189937,16.850938122376732],[81.38698056881475,16.8507221611043],[81.3869627708098,16.85055600563973],[81.38727378876466,16.850512628230042],[81.38725886200467,16.85012347168044],[81.38719415146848,16.849917363344],[81.38714919933342,16.849624730499627],[81.38707974019925,16.84950749850002],[81.38699030796536,16.84935655597201]]]},"properties":{"Id":19,"Lp_number":67,"area":0,"perimeter":0,"LP":null,"LP_Match":null}},
{"type":"Feature","geometry":{"type":"Polygon","coordinates":[[[81.38845647682034,16.852196301659575],[81.38836925467581,16.85135055835528],[81.38827321686854,16.850512157092364],[81.38815778161258,16.849738223392634],[81.38804306652858,16.84886874660265],[81.3882721661509,16.848862686839738],[81.38859330504863,16.848871349799506],[81.38906746114607,16.848890023104225],[81.38908555633769,16.849156658297467],[81.38916242339896,16.84951432969268],[81.38948381737256,16.849470453330607],[81.38988500691167,16.84940444486275],[81.39028341243224,16.849351014759947],[81.39049977864337,16.849326838982215],[81.39057981481623,16.849955365377117],[81.39058248126382,16.85018345429112],[81.3905653909633,16.850498067973657],[81.39055923448932,16.850859704450322],[81.39059314717957,16.851095809894474],[81.3905118977774,16.851251834889332],[81.39037775642994,16.8513248050659],[81.39021247979738,16.851399262258518],[81.38996406477031,16.851468181132123],[81.38993404029611,16.851564705236274],[81.38991572706006,16.851774778102012],[81.38994808411232,16.851877831788773],[81.39001235401751,16.85204592432674],[81.39004493332875,16.852167985400914],[81.38965066376437,16.852196325033685],[81.38894481872073,16.852220525840455],[81.3886331323703,16.852206883590355],[81.38845647682034,16.852196301659575]]]},"properties":{"Id":20,"Lp_number":68,"area":0,"perimeter":0,"LP":null,"LP_Match":null}},
{"type":"Feature","geometry":{"type":"Polygon","coordinates":[[[81.38442284055206,16.85091498880332],[81.384563787847,16.8508771874182],[81.38468163540189,16.85084558118651],[81.38483553643134,16.85077283116075],[81.3849501435033,16.85071865553588],[81.38501429778944,16.8508772460445],[81.38522286299288,16.850952870616002],[81.38553410375246,16.850928503246994],[81.38591876919644,16.850967193022147],[81.3859214301009,16.851195282089822],[81.38597460133867,16.851400208373416],[81.38603109340885,16.85161793289035],[81.38606203213894,16.851920035916272],[81.38606076621869,16.852224596137436],[81.38606005249467,16.852396307461845],[81.38609440346588,16.852670428561833],[81.38563863723333,16.852768259438644],[81.38538999695544,16.85281816541744],[81.38517249201837,16.852866584759106],[81.38480968801672,16.85292193992447],[81.38430080921341,16.852917704162614],[81.38429283215324,16.85223343687714],[81.38428984078449,16.851976836633106],[81.38458010486575,16.8519344540525],[81.3845019156868,16.851462736312065],[81.38442284055206,16.85091498880332]]]},"properties":{"Id":21,"Lp_number":72,"area":0,"perimeter":0,"LP":null,"LP_Match":null}},
{"type":"Feature","geometry":{"type":"Polygon","coordinates":[[[81.38442284055206,16.85091498880332],[81.3844481640037,16.851090402823957],[81.3845019156868,16.851462736312065],[81.38454507459022,16.851723115629234],[81.38458010486575,16.8519344540525],[81.38428984078449,16.851976836633106],[81.38429283215324,16.85223343687714],[81.38429715304694,16.85260408166255],[81.38430080921341,16.852917704162614],[81.38391691549857,16.852945537424397],[81.38348112913276,16.852975846784894],[81.38337723333517,16.852971296660918],[81.38331219370778,16.852736675950073],[81.38325731124559,16.85248255243254],[81.38315980772538,16.852135373129077],[81.38311475044192,16.851833235632494],[81.38311220360622,16.851614650188807],[81.38304771844507,16.85142754792355],[81.38300465459287,16.851296477255204],[81.38292990196814,16.851119373993818],[81.38289732738956,16.85099731167993],[81.38292569455513,16.850758232787044],[81.38340265726134,16.85069743213877],[81.38346736400216,16.850903541733953],[81.38358230158708,16.8509646187617],[81.38395779416514,16.850945079131783],[81.38442284055206,16.85091498880332]]]},"properties":{"Id":22,"Lp_number":73,"area":0,"perimeter":0,"LP":null,"LP_Match":null}},
{"type":"Feature","geometry":{"type":"Polygon","coordinates":[[[81.38270022019668,16.85012238188478],[81.38276878881243,16.850095455389976],[81.38286560952182,16.85005743441137],[81.38299986369972,16.84999397281117],[81.38318634168418,16.8499565455637],[81.38334257049908,16.849996633934087],[81.38334472395688,16.850252735352427],[81.38326820741104,16.85053024665787],[81.38295037585213,16.850630616805038],[81.38273160960522,16.850677572376913],[81.3827305650076,16.851158397278393],[81.38278653675818,16.851399156350798],[81.38291133994271,16.8518435461339],[81.38297988792209,16.85202284732834],[81.38307034697966,16.852371504006037],[81.38313910791939,16.852569052262215],[81.38319586023387,16.852876717316008],[81.38299652214867,16.852880145505853],[81.38240536260841,16.852908359050797],[81.38186769496929,16.85296444696004],[81.38189672718407,16.852604001750823],[81.38187749301757,16.85209371592294],[81.38192629421786,16.85114809438875],[81.38192585343171,16.850539539481538],[81.3821382609227,16.850517231270526],[81.3822896846316,16.85039437532499],[81.38246075121367,16.850246238765052],[81.38270022019668,16.85012238188478]]]},"properties":{"Id":23,"Lp_number":77,"area":0,"perimeter":0,"LP":null,"LP_Match":null}},
{"type":"Feature","geometry":{"type":"Polygon","coordinates":[[[81.38187749301757,16.85209371592294],[81.38188367735975,16.852257787998273],[81.38189055371049,16.852440218795614],[81.38188976310472,16.85269046336675],[81.38186769496929,16.85296444696004],[81.38148866197038,16.852946020157013],[81.38135581703068,16.852952359453365],[81.38121618821422,16.852946850864708],[81.38118777821114,16.852789976846832],[81.38113294092355,16.85264653540236],[81.38103825032671,16.852504995656027],[81.38097698341286,16.85238011825166],[81.3809222172068,16.85224275911897],[81.38088780252475,16.852140943405644],[81.38187749301757,16.85209371592294]]]},"properties":{"Id":24,"Lp_number":0,"area":0,"perimeter":0,"LP":null,"LP_Match":null}},
{"type":"Feature","geometry":{"type":"Polygon","coordinates":[[[81.38186769496929,16.85296444696004],[81.3818916749566,16.853882252044844],[81.38095490102963,16.85390869704579],[81.3809704958437,16.852964660548505],[81.38121618821422,16.852946850864708],[81.38148866197038,16.852946020157013],[81.38164062131182,16.85295340779064],[81.38186769496929,16.85296444696004]]]},"properties":{"Id":25,"Lp_number":0,"area":0,"perimeter":0,"LP":null,"LP_Match":null}},
{"type":"Feature","geometry":{"type":"Polygon","coordinates":[[[81.38186769496929,16.85296444696004],[81.38231523431901,16.85291776106968],[81.38281053939482,16.852889021860516],[81.38319586023387,16.852876717316008],[81.38328476086402,16.853091561569478],[81.38332109067493,16.85335760100542],[81.38336519691882,16.853720641416327],[81.38330931472954,16.854058025345193],[81.38323407247748,16.854445019332534],[81.38305198603797,16.85478842660639],[81.38288304186094,16.855119034942476],[81.38281203136273,16.855298910975907],[81.38278794222994,16.855513062168654],[81.38279191052428,16.855853675197647],[81.38285856553144,16.856440812481356],[81.38286716146087,16.856750775840823],[81.38256057152903,16.856818658296916],[81.38217845756976,16.856821679748588],[81.38183812408948,16.856845528271787],[81.38167277281417,16.856914276486826],[81.38144082048947,16.85697098832288],[81.3814225325457,16.856827324308888],[81.38137845048779,16.85660881921027],[81.38136864263845,16.856479964918545],[81.38125973042165,16.856401482901266],[81.38112493578885,16.856240556734743],[81.3809815729197,16.856057217749395],[81.38091284826507,16.85586271000575],[81.38082804889459,16.855714612432834],[81.38096884469506,16.85567746536373],[81.38098941669294,16.855303731174743],[81.3809919667517,16.854809141797332],[81.38098807254512,16.854474611010808],[81.38095490102963,16.85390869704579],[81.38118838807856,16.853902106138605],[81.38152042711162,16.853892732833298],[81.3818192622034,16.85388429639972],[81.3818916749566,16.853882252044844],[81.38187682740978,16.85331398159724],[81.38186769496929,16.85296444696004]]]},"properties":{"Id":26,"Lp_number":78,"area":0,"perimeter":0,"LP":null,"LP_Match":null}},
{"type":"Feature","geometry":{"type":"Polygon","coordinates":[[[81.38286716146087,16.856750775840823],[81.38282079829052,16.857049669210255],[81.3827580061497,16.857364561028184],[81.38272780580888,16.857624646996758],[81.382705996991,16.85789193966193],[81.38269204826499,16.858120821219003],[81.3825679456666,16.858164779946822],[81.38237635595029,16.858120672987443],[81.38218520910439,16.85811458068894],[81.38205986665656,16.858052097553497],[81.38184478477233,16.858130826298748],[81.38149641145326,16.858177879435054],[81.38132240176986,16.8582166117214],[81.38109018221198,16.858250514279742],[81.38107922378107,16.858022821385898],[81.38108389778526,16.857710703423816],[81.38108981095934,16.857505027035145],[81.38103698355836,16.857248903217126],[81.38100200139671,16.85709842858065],[81.3812832408253,16.856993722196616],[81.38144082048947,16.85697098832295],[81.38167277281417,16.856914276486826],[81.38183812408948,16.856845528271787],[81.38217845756976,16.856821679748588],[81.38256057152904,16.856818658296987],[81.38278564920938,16.856768823618527],[81.38286716146087,16.856750775840823]]]},"properties":{"Id":26,"Lp_number":87,"area":0,"perimeter":0,"LP":null,"LP_Match":null}},
{"type":"Feature","geometry":{"type":"Polygon","coordinates":[[[81.38109018221198,16.858250514279742],[81.38075832604696,16.858289170805712],[81.38045977040818,16.858333845083724],[81.37987988404403,16.858475620845194],[81.3795733786355,16.858551101875555],[81.37941606275335,16.858596643257],[81.37916502529379,16.8584412616183],[81.37896177267775,16.858108634638555],[81.37869280390039,16.85784000002428],[81.37853345492817,16.85771067234445],[81.37851578795939,16.85762022885157],[81.3786814062883,16.857574292069103],[81.37889693105464,16.857533581486415],[81.37907111751892,16.857510057202635],[81.37926182152334,16.857478137555105],[81.37942788176625,16.857470215037303],[81.37959385353966,16.857454689413235],[81.37975964836454,16.85742395771179],[81.3798420592119,16.857366775466303],[81.37993268454672,16.857301594067348],[81.38004035816961,16.857273635180547],[81.38026453919046,16.85726293890472],[81.38048024020593,16.857237432614053],[81.38051097450901,16.8570229647327],[81.38045788257331,16.85674403182064],[81.38042228157686,16.856540336265013],[81.37975018330113,16.856610439688613],[81.3794930564518,16.856645528833692],[81.37946717461334,16.85656308452445],[81.37947335486699,16.8563802170438],[81.37947891598786,16.856144128747907],[81.37947635104973,16.855923642523386],[81.37947440524229,16.855756377108314],[81.37999757864861,16.855739023246333],[81.38029595339525,16.85567914376513],[81.38052057495548,16.855706462107882],[81.38082804889459,16.855714612432834],[81.38091284826507,16.85586271000575],[81.3809815729197,16.856057217749395],[81.38112493578885,16.856240556734743],[81.38125973042165,16.856401482901266],[81.38136864263845,16.856479964918545],[81.38137845048779,16.85660881921027],[81.38144082048947,16.85697098832295],[81.3812832408253,16.856993722196684],[81.38100200139671,16.85709842858065],[81.38103698355836,16.857248903217126],[81.38108981095934,16.857505027035145],[81.38108389778526,16.857710703423884],[81.38107922378107,16.858022821385898],[81.38109018221198,16.858250514279742]]]},"properties":{"Id":27,"Lp_number":89,"area":0,"perimeter":0,"LP":null,"LP_Match":null}},
{"type":"Feature","geometry":{"type":"Polygon","coordinates":[[[81.37851578795939,16.85762022885157],[81.37837163086178,16.857368461275506],[81.37823666113114,16.85719232724319],[81.37811785567798,16.85697738609177],[81.37836588464766,16.85687426797705],[81.37867221105769,16.856783582836044],[81.37897853716665,16.856692897242606],[81.37929290063032,16.856579006154977],[81.37946717461334,16.85656308452445],[81.3794930564518,16.856645528833692],[81.37975018330113,16.856610439688613],[81.38017481150361,16.856566148970952],[81.38042228157686,16.856540336265013],[81.38045788257331,16.85674403182064],[81.38051097450901,16.8570229647327],[81.38048024020593,16.857237432614053],[81.38026453919046,16.85726293890472],[81.38004035816961,16.857273635180547],[81.37993268454672,16.857301594067348],[81.37975964836454,16.85742395771179],[81.37942788176625,16.857470215037303],[81.37907111751892,16.857510057202635],[81.3786814062883,16.857574292069103],[81.37851578795939,16.85762022885157]]]},"properties":{"Id":27,"Lp_number":90,"area":0,"perimeter":0,"LP":null,"LP_Match":null}},
{"type":"Feature","geometry":{"type":"Polygon","coordinates":[[[81.37811785567798,16.85697738609177],[81.37793951543051,16.856643569754976],[81.37777751661459,16.856286152191835],[81.37761587190565,16.85595914637866],[81.37752286044979,16.8558190464203],[81.37768061640462,16.8558115213938],[81.37787962191679,16.855779206997955],[81.37805363014655,16.855740477653196],[81.37821907017795,16.855679335316204],[81.37845932491047,16.855622231039153],[81.37865833007666,16.85558991589416],[81.37888233238286,16.855564015216544],[81.37915624062535,16.855543340575764],[81.37941371983263,16.85553866377283],[81.37947440524229,16.855756377108314],[81.37947891598786,16.85614412874798],[81.37947335486699,16.8563802170438],[81.37946717461334,16.85656308452445],[81.37929290063032,16.856579006154977],[81.37897853716665,16.856692897242606],[81.37867221105769,16.856783582836044],[81.37846389244946,16.85684525371975],[81.3782632520038,16.856916937577633],[81.37811785567798,16.85697738609177]]]},"properties":{"Id":28,"Lp_number":91,"area":0,"perimeter":0,"LP":null,"LP_Match":null}},
{"type":"Feature","geometry":{"type":"Polygon","coordinates":[[[81.37752286044979,16.8558190464203],[81.37742896549432,16.855602916654316],[81.37740131744741,16.855368412530012],[81.3773151072694,16.855098665813532],[81.37719577408393,16.85483810617574],[81.37717731287248,16.854679235730327],[81.3772087573866,16.854525592041202],[81.37732376082914,16.854413605810272],[81.377456518616,16.8543996661245],[81.37768944120606,16.854426591561566],[81.37796546918558,16.854588389972246],[81.3783587989758,16.854835878567716],[81.37866662513404,16.85487444406356],[81.3790153469317,16.8548578077242],[81.37942254270493,16.854868809811066],[81.37942599196828,16.855165325800307],[81.37941371983263,16.85553866377283],[81.37915624062535,16.855543340575764],[81.37888233238286,16.855564015216544],[81.37845932491047,16.855622231039153],[81.37805363014655,16.855740477653196],[81.37787962191679,16.855779206997955],[81.37768061640462,16.8558115213938],[81.37752286044979,16.8558190464203]]]},"properties":{"Id":28,"Lp_number":92,"area":0,"perimeter":0,"LP":null,"LP_Match":null}},
{"type":"Feature","geometry":{"type":"Polygon","coordinates":[[[81.37732376082914,16.854413605810272],[81.37745360263723,16.85414876788089],[81.37762548860964,16.85392756747036],[81.37778147548224,16.85376798285529],[81.37787112768855,16.853619169616856],[81.37811014251231,16.853455624110495],[81.37839817832428,16.85322127504269],[81.37868639024529,16.853002131532556],[81.37899986361613,16.852812211209212],[81.37909799408018,16.852678207293803],[81.37928366251015,16.852927993933182],[81.37936236752451,16.853266562745507],[81.37950333871908,16.853244622654735],[81.37955598594267,16.853485541081593],[81.37956173495262,16.853979734448632],[81.37963275721201,16.854371920056295],[81.37967586372585,16.854506792913334],[81.37967887110237,16.854765294031182],[81.37946299586856,16.854775593482465],[81.37942254270493,16.854868809811066],[81.3790153469317,16.8548578077242],[81.37860193387262,16.854866339364627],[81.3783587989758,16.854835878567783],[81.37796546918558,16.854588389972307],[81.37768944120606,16.854426591561566],[81.377456518616,16.8543996661245],[81.37732376082914,16.854413605810272]]]},"properties":{"Id":29,"Lp_number":95,"area":0,"perimeter":0,"LP":null,"LP_Match":null}},
{"type":"Feature","geometry":{"type":"Polygon","coordinates":[[[81.37967586372585,16.8545067929134],[81.38019921061498,16.854504644552637],[81.38098895758974,16.854550640735965],[81.380991300573,16.85493834830041],[81.38098316827548,16.855417247120865],[81.38096884469506,16.85567746536373],[81.38082804889459,16.855714612432834],[81.38052057495548,16.855706462107882],[81.38029595339525,16.85567914376513],[81.37999757864861,16.855739023246333],[81.37947440524229,16.855756377108314],[81.37941371983263,16.85553866377283],[81.37942599196828,16.855165325800307],[81.37942254270493,16.854868809811066],[81.37946299586856,16.854775593482465],[81.37967887110237,16.854765294031182],[81.37967736741213,16.85463604347312],[81.37967586372585,16.8545067929134]]]},"properties":{"Id":30,"Lp_number":93,"area":0,"perimeter":0,"LP":null,"LP_Match":null}},
{"type":"Feature","geometry":{"type":"Polygon","coordinates":[[[81.37967586372585,16.8545067929134],[81.37963275721201,16.854371920056295],[81.37961058838096,16.85424950374431],[81.37956173495262,16.853979734448632],[81.37983581774003,16.85397426489442],[81.38037523799156,16.853925705984693],[81.38095490102963,16.85390869704579],[81.38097523918545,16.8542556713121],[81.38098895758974,16.854550640735965],[81.38086211104475,16.854543253187952],[81.38063112773835,16.854529800507496],[81.3801072499655,16.854505022151617],[81.37967586372585,16.8545067929134]]]},"properties":{"Id":31,"Lp_number":0,"area":0,"perimeter":0,"LP":null,"LP_Match":null}},
{"type":"Feature","geometry":{"type":"Polygon","coordinates":[[[81.38005864395092,16.853954206130147],[81.37983581774003,16.85397426489442],[81.37956173495262,16.853979734448632],[81.37956031980634,16.853858086852938],[81.3795582855397,16.853683218431318],[81.37955598594267,16.853485541081593],[81.37950333871908,16.853244622654735],[81.37959378534673,16.853164235466338],[81.37967681357989,16.85316027412652],[81.3799003705746,16.85309635751715],[81.38007446438014,16.853065229481544],[81.38007517210865,16.85312605327932],[81.38010308845948,16.85338336595775],[81.38008118783642,16.853643055544918],[81.38005864395092,16.853954206130147]]]},"properties":{"Id":32,"Lp_number":0,"area":0,"perimeter":0,"LP":null,"LP_Match":null}},
{"type":"Feature","geometry":{"type":"Polygon","coordinates":[[[81.38005864395092,16.853954206130147],[81.38006744294758,16.85383276253085],[81.38008118783642,16.853643055544918],[81.38009938509603,16.85342727913308],[81.38007446438014,16.853065229481544],[81.38034792648291,16.853006538448046],[81.38069646767005,16.852974693373042],[81.3809704958437,16.852964660548505],[81.38096013082165,16.853592110463513],[81.38095490102963,16.85390869704579],[81.38075676427441,16.853914511118266],[81.38037523799156,16.853925705984693],[81.38005864395092,16.853954206130147]]]},"properties":{"Id":33,"Lp_number":94,"area":0,"perimeter":0,"LP":null,"LP_Match":null}},
{"type":"Feature","geometry":{"type":"Polygon","coordinates":[[[81.37909799408018,16.852678207293803],[81.3791803146783,16.852613422349254],[81.3793701294006,16.852505472924737],[81.37950200125714,16.85241550218356],[81.37956692002345,16.852283082558642],[81.37967352949417,16.852163888196205],[81.37984611874643,16.85200350977883],[81.3798867480364,16.851925499309125],[81.37991439854608,16.852160003125118],[81.37995794702462,16.85233289083521],[81.38001050608085,16.85256620618494],[81.38005405474729,16.8527390938643],[81.38008912375217,16.85289717173241],[81.38007446438014,16.853065229481544],[81.3799003705746,16.85309635751715],[81.37967681357989,16.85316027412652],[81.37959378534673,16.853164235466338],[81.37950333871908,16.853244622654735],[81.37936236752451,16.853266562745507],[81.37932099690356,16.853088597093606],[81.37928366251015,16.852927993933246],[81.37920871580437,16.85282716544604],[81.37915369455763,16.85275314330489],[81.37909799408018,16.852678207293803]]]},"properties":{"Id":34,"Lp_number":0,"area":0,"perimeter":0,"LP":null,"LP_Match":null}},
{"type":"Feature","geometry":{"type":"Polygon","coordinates":[[[81.3798867480364,16.851925499309125],[81.37996951034019,16.851898728934138],[81.38024817708234,16.851573537766004],[81.38041122388971,16.851307113382607],[81.38052595806039,16.85117231647279],[81.38056711779707,16.851139923724972],[81.38063468997102,16.85123559303561],[81.38069581773314,16.851491320976415],[81.38069043510998,16.851742615328497],[81.38071658224369,16.85184786844918],[81.38080093727142,16.85195795128735],[81.38088780252475,16.852140943405644],[81.38097698341286,16.85238011825166],[81.38113294092355,16.85264653540236],[81.38121618821422,16.852946850864708],[81.3809704958437,16.852964660548505],[81.38048947207118,16.8529936059604],[81.38007446438014,16.853065229481544],[81.38008912375217,16.85289717173241],[81.38001050608085,16.85256620618494],[81.37995794702462,16.85233289083521],[81.37991439854608,16.852160003125185],[81.3798867480364,16.851925499309125]]]},"properties":{"Id":35,"Lp_number":96,"area":0,"perimeter":0,"LP":null,"LP_Match":null}},
{"type":"Feature","geometry":{"type":"Polygon","coordinates":[[[81.38088780252475,16.852140943405644],[81.38080093727142,16.85195795128735],[81.38071658224369,16.85184786844918],[81.38069257334551,16.85164278922423],[81.38069581773314,16.851491320976415],[81.38063468997102,16.851235593035682],[81.38056711779707,16.851139923725036],[81.38087855081163,16.85077513216112],[81.38112524263101,16.85055796621321],[81.38145354455831,16.850215190339338],[81.38175808816136,16.84997244128035],[81.38198772990825,16.849718051878668],[81.38225746754202,16.849340033450147],[81.38235594814961,16.849236439914254],[81.38242916651289,16.849103623165213],[81.38242792674798,16.84899718151783],[81.38260059937674,16.84884440381559],[81.38277359577086,16.848684580574446],[81.38276857775514,16.84885917673885],[81.3827615761196,16.84914953546002],[81.3827148879002,16.849598686793957],[81.38270481758353,16.84995823716197],[81.38270022019668,16.85012238188478],[81.3825563929741,16.85019677149238],[81.38246075121367,16.850246238765052],[81.38237237867664,16.85032276576055],[81.3822896846316,16.850394375325056],[81.3821382609227,16.850517231270526],[81.38192585343171,16.850539539481538],[81.38192600418246,16.85074767487814],[81.38192614202453,16.850937981394754],[81.38192629421786,16.85114809438875],[81.38190866035937,16.85148978677317],[81.38188946357882,16.851861762884962],[81.38187749301757,16.85209371592294],[81.38147563889602,16.852112892757027],[81.38109371133416,16.85213111794591],[81.38088780252475,16.852140943405644]]]},"properties":{"Id":36,"Lp_number":97,"area":0,"perimeter":0,"LP":null,"LP_Match":null}},
{"type":"Feature","geometry":{"type":"Polygon","coordinates":[[[81.38109018221198,16.858250514279742],[81.38132240176986,16.8582166117214],[81.38149641145326,16.858177879435054],[81.38184478477233,16.858130826298748],[81.38205986665656,16.858052097553497],[81.38218520910439,16.85811458068894],[81.38237635595029,16.858120672987443],[81.3825679456666,16.858164779946822],[81.38269204826499,16.858120821219003],[81.3827381442355,16.858191143212128],[81.38279603163224,16.85859612616855],[81.38278791994189,16.85904077347052],[81.38283774791364,16.859324425922203],[81.38282256863882,16.85973289596955],[81.38227781431877,16.85975280808194],[81.38137394073671,16.85975334108394],[81.38106103582534,16.85970741458939],[81.38084833472907,16.85970539237679],[81.38060029730998,16.859522483400372],[81.38035777022081,16.859241939163972],[81.38011708414383,16.859119536399085],[81.37981654544598,16.858993903229376],[81.37952815986864,16.85877031776467],[81.37941606275335,16.858596643257066],[81.37968438438594,16.858523765293842],[81.38010024096813,16.85842174624707],[81.38045977040818,16.858333845083724],[81.38087683728341,16.85827536599457],[81.38109018221198,16.858250514279742]]]},"properties":{"Id":27,"Lp_number":88,"area":0,"perimeter":0,"LP":null,"LP_Match":null}},
{"type":"Feature","geometry":{"type":"Polygon","coordinates":[[[81.38282256863882,16.85973289596955],[81.38282937198335,16.859549820023286],[81.38283774791364,16.859324425922203],[81.38278791994189,16.85904077347052],[81.38279192939733,16.858820992807527],[81.38276611527053,16.85838683012747],[81.3827381442355,16.858191143212128],[81.38269204826499,16.858120821219003],[81.382705996991,16.85789193966193],[81.38273354868952,16.857575189239164],[81.3827580061497,16.857364561028184],[81.38282079829052,16.857049669210255],[81.38315650627374,16.857020968361237],[81.38370139441977,16.857013218819997],[81.38431934868669,16.857001980171592],[81.38430941980893,16.859570643711486],[81.38361888624846,16.85962794656161],[81.38282256863882,16.85973289596955]]]},"properties":{"Id":39,"Lp_number":86,"area":0,"perimeter":0,"LP":null,"LP_Match":null}},
{"type":"Feature","geometry":{"type":"Polygon","coordinates":[[[81.38430941980893,16.859570643711486],[81.38431026629712,16.859351646854773],[81.38431177477858,16.858961386542138],[81.38431438585765,16.858285879391808],[81.3843161951604,16.857817803470777],[81.38431789154299,16.857378944420493],[81.38431934868669,16.857001980171592],[81.3843099407248,16.856765084674965],[81.3843532462319,16.85648915844157],[81.38447945113265,16.856483134224632],[81.38478499979941,16.85646854895754],[81.38508426073159,16.856484692185834],[81.38542945065312,16.856449956324845],[81.38568214411802,16.856462235980626],[81.3858886959053,16.856507146970955],[81.3859470861497,16.856954705578882],[81.38591205742611,16.857370209520774],[81.38587788013027,16.857858701896824],[81.38586089053119,16.858681090415438],[81.38580848868746,16.85931651095057],[81.38581068853875,16.859505064428753],[81.38549163732114,16.859502038408444],[81.38513909000346,16.85947626785835],[81.38477396713549,16.859511954568678],[81.38430941980893,16.859570643711486]]]},"properties":{"Id":39,"Lp_number":85,"area":0,"perimeter":0,"LP":null,"LP_Match":85}},
{"type":"Feature","geometry":{"type":"Polygon","coordinates":[[[81.38315650627374,16.857020968361237],[81.38316001031353,16.856953325290956],[81.38317594294685,16.856894750174142],[81.38319331853326,16.85667483362015],[81.38312182731939,16.85624311406326],[81.38310209318028,16.855690251978878],[81.38310544116074,16.85524084914929],[81.38313496738732,16.854922980514914],[81.38322276039649,16.854757517751402],[81.38337721412604,16.85432414281411],[81.3835425520826,16.853969363091657],[81.38357207742722,16.85365149437413],[81.38352659897559,16.853455877874087],[81.38347161797265,16.853300272351255],[81.3834264232357,16.853128985324123],[81.38462840382721,16.853048790519733],[81.38448868556297,16.853712531872556],[81.3844160134864,16.854248504802904],[81.38438232918449,16.85456581146317],[81.38500897411609,16.854516880397426],[81.38504589059724,16.85490422639845],[81.38504012495642,16.855549592160187],[81.38567100418584,16.855507303506542],[81.38568556602418,16.855616152006696],[81.38570346279651,16.85601087201131],[81.38568214411802,16.856462235980626],[81.3856063360758,16.856458552116663],[81.38529750745218,16.856463233609485],[81.38508426073159,16.856484692185834],[81.38478499979941,16.85646854895754],[81.38447945113265,16.856483134224632],[81.3843532462319,16.85648915844157],[81.3843099407248,16.85676508467503],[81.38431934868669,16.857001980171592],[81.38370139441977,16.857013218819997],[81.38315650627374,16.857020968361237]]]},"properties":{"Id":40,"Lp_number":82,"area":0,"perimeter":0,"LP":null,"LP_Match":null}},
{"type":"Feature","geometry":{"type":"Polygon","coordinates":[[[81.38567100418584,16.855507303506542],[81.3854901458264,16.855519426877127],[81.3853241985335,16.855530550581644],[81.38504012495642,16.855549592160187],[81.38504254688353,16.855278498353297],[81.38504510756732,16.854991873272244],[81.38502623375048,16.854697977249383],[81.38500897411609,16.854516880397426],[81.38523962251594,16.854507797006747],[81.38570458290691,16.85448560022919],[81.38604326871511,16.85446334525624],[81.38640866553365,16.854451985964634],[81.38646464297645,16.854692743841117],[81.38649639369486,16.85513548849868],[81.38651258853271,16.855384231491136],[81.38636667042047,16.85540945543926],[81.38611440413993,16.85543367083144],[81.38588913285115,16.85549311170778],[81.38567100418584,16.855507303506542]]]},"properties":{"Id":41,"Lp_number":84,"area":0,"perimeter":0,"LP":null,"LP_Match":null}},
{"type":"Feature","geometry":{"type":"Polygon","coordinates":[[[81.38500897411609,16.854516880397426],[81.38470770416481,16.85454040506105],[81.38438232918449,16.85456581146317],[81.38444499709689,16.854034744486754],[81.3845228996772,16.85354999575583],[81.38462840382721,16.853048790519733],[81.38479056786979,16.853044307946025],[81.38518881861356,16.853000953633785],[81.38542065849883,16.85293511409954],[81.38578491716528,16.852826437987392],[81.38602375366062,16.85279069254409],[81.38630237246029,16.85274696171978],[81.38631135675902,16.852947362928916],[81.38639428685967,16.853789324452315],[81.38640866553365,16.854451985964634],[81.38500897411609,16.854516880397426]]]},"properties":{"Id":42,"Lp_number":83,"area":0,"perimeter":0,"LP":null,"LP_Match":null}},
{"type":"Feature","geometry":{"type":"Polygon","coordinates":[[[81.38648178359205,16.852744481708687],[81.386853535339,16.852708475070006],[81.38716600391089,16.85271789873271],[81.38723913938821,16.85272049243855],[81.3875631171431,16.852577221873712],[81.38791359223285,16.85242659973749],[81.3880091401428,16.85264112467383],[81.38817380974486,16.85308360786403],[81.38829784523199,16.853461087931876],[81.3884073890254,16.853735801976832],[81.38808856062207,16.85375102690756],[81.38755089261313,16.85380712971659],[81.38724563253037,16.85384604850203],[81.38692065849071,16.853904165383835],[81.38670831888432,16.853932560975984],[81.38652919056027,16.85395937069923],[81.38650965984866,16.853424756137972],[81.38649211665724,16.85306044800091],[81.38648178359205,16.852744481708687]]]},"properties":{"Id":43,"Lp_number":52,"area":0,"perimeter":0,"LP":null,"LP_Match":null}},
{"type":"Feature","geometry":{"type":"Polygon","coordinates":[[[81.3884073890254,16.853735801976832],[81.38829784523199,16.853461087931876],[81.38817380974486,16.85308360786403],[81.38804995375143,16.85275079501078],[81.38795035125531,16.85250913145522],[81.38798651452758,16.852410946062452],[81.38806579491181,16.85237064569359],[81.38826513226276,16.85236721259261],[81.38895613516388,16.852352471238056],[81.38940123412374,16.852337300192325],[81.3900254592468,16.852295315601424],[81.39017172991011,16.852300500954396],[81.39023470909338,16.852571352369228],[81.39025726634782,16.852795448302615],[81.39028689248406,16.853055721193446],[81.39036699609578,16.853654385973982],[81.3899485342778,16.853674372582287],[81.38911853682632,16.853738355511553],[81.38842145498403,16.85380207367502],[81.3884073890254,16.853735801976832]]]},"properties":{"Id":44,"Lp_number":53,"area":0,"perimeter":0,"LP":null,"LP_Match":null}},
{"type":"Feature","geometry":{"type":"Polygon","coordinates":[[[81.38842145498403,16.85380207367502],[81.38856749525009,16.85378872477097],[81.38879901476126,16.853767562365313],[81.38919128964913,16.85373274727015],[81.3896761491473,16.853695370609547],[81.39007473705956,16.853668344964696],[81.39036699609578,16.853654385973982],[81.39038898483643,16.853829822911564],[81.39041246681003,16.854132989588066],[81.39042887996095,16.854399979297003],[81.39039723287202,16.854535377688496],[81.39039322144745,16.854760742578673],[81.39037599653027,16.85499282434409],[81.39031884664423,16.855220727263717],[81.3901257221146,16.85518735096177],[81.38970626173217,16.855122183981734],[81.38928708589572,16.855081345615034],[81.38890090855969,16.85502067324133],[81.38866842799486,16.85503177539184],[81.3886780180121,16.85471485774578],[81.38864732803856,16.85436334906823],[81.38856513409657,16.854154272475654],[81.3884893694765,16.853926631535778],[81.38842145498403,16.85380207367502]]]},"properties":{"Id":45,"Lp_number":49,"area":0,"perimeter":0,"LP":null,"LP_Match":null}},
{"type":"Feature","geometry":{"type":"Polygon","coordinates":[[[81.38661208135767,16.855367309757067],[81.38660160591569,16.855039178804248],[81.38658392036564,16.854662705994212],[81.38656658981009,16.85431664503027],[81.38652919056027,16.85395937069929],[81.38670831888432,16.853932560975984],[81.38699679528452,16.853890549474595],[81.38731808169914,16.853836811720495],[81.38779596999659,16.853781557368176],[81.3884073890254,16.853735801976832],[81.38842145498403,16.85380207367502],[81.38846890724467,16.853889103014826],[81.38856513409657,16.854154272475654],[81.3886557541488,16.8544598579614],[81.38866842799486,16.85503177539184],[81.3885784197247,16.855291675719112],[81.3884345622213,16.855493289859826],[81.3881020910789,16.855478737405324],[81.38763641849364,16.855440115949794],[81.38702411807218,16.855365894133485],[81.38661208135767,16.855367309757067]]]},"properties":{"Id":46,"Lp_number":50,"area":0,"perimeter":0,"LP":null,"LP_Match":null}},
{"type":"Feature","geometry":{"type":"Polygon","coordinates":[[[81.38866842799486,16.85503177539184],[81.38890090855969,16.85502067324133],[81.38919898541327,16.855067504204],[81.38949136842261,16.85510124802803],[81.39006156933287,16.855177384303136],[81.39031884664423,16.855220727263717],[81.39030211932285,16.855495385591936],[81.39020074813075,16.855920145019162],[81.39016352479325,16.856147096131533],[81.38970470584455,16.85612640926977],[81.38941887206066,16.85612180306268],[81.38878049689316,16.856091432036127],[81.3886009405844,16.85608174938208],[81.38852716439087,16.856024414863793],[81.38847981549412,16.855953646799687],[81.38844553816793,16.855863997226948],[81.38845626526164,16.855644397526387],[81.3884345622213,16.855493289859826],[81.3885784197247,16.855291675719112],[81.38862856721902,16.85514687411325],[81.38866842799486,16.85503177539184]]]},"properties":{"Id":47,"Lp_number":11,"area":0,"perimeter":0,"LP":null,"LP_Match":null}},
{"type":"Feature","geometry":{"type":"Polygon","coordinates":[[[81.3884345622213,16.855493289859826],[81.38845626526164,16.855644397526387],[81.38844553816793,16.855863997226948],[81.38847981549412,16.855953646799687],[81.38852716439087,16.856024414863793],[81.3886009405844,16.85608174938208],[81.38878049689316,16.856091432036127],[81.38889890738878,16.856097065627214],[81.38926798087849,16.85611462451755],[81.38955963519906,16.856124071508326],[81.38927569277959,16.856950218940565],[81.38910324221979,16.857548773562268],[81.38767217862733,16.857933570495835],[81.38759225669958,16.857919129416366],[81.38776400212002,16.857259752284854],[81.38793652770467,16.85666728105977],[81.38794860494572,16.856563246416993],[81.38749699559048,16.856590896417533],[81.3868054091483,16.856556974206118],[81.38628044970226,16.856563780589354],[81.3858984222343,16.85658169900858],[81.3858886959053,16.856507146970955],[81.38568214411802,16.856462235980626],[81.38568638815993,16.856372380280856],[81.38570346279651,16.85601087201131],[81.38568841129377,16.855678905628356],[81.38567100418584,16.855507303506542],[81.38588913285115,16.85549311170778],[81.38611440413993,16.85543367083151],[81.38636667042047,16.85540945543926],[81.38651258853271,16.855384231491136],[81.38661208135767,16.855367309757067],[81.38687825301439,16.855366395372837],[81.38712422108163,16.85537802854675],[81.38737759157415,16.855408741705798],[81.38763641849364,16.855440115949794],[81.38801175058448,16.855471244925923],[81.3884345622213,16.855493289859826]]]},"properties":{"Id":48,"Lp_number":10,"area":0,"perimeter":0,"LP":null,"LP_Match":null}},
{"type":"Feature","geometry":{"type":"Polygon","coordinates":[[[81.38581068853875,16.859505064428753],[81.38580848868746,16.859316510950638],[81.38586089053119,16.858681090415438],[81.38588754888775,16.85772050761358],[81.3859470861497,16.856954705578882],[81.3858984222343,16.85658169900858],[81.3861276861713,16.856570945816824],[81.38655275667453,16.856560250149784],[81.38709685302251,16.856571269770523],[81.38758975860573,16.85658521703883],[81.38794860494572,16.856563246416993],[81.38793652770467,16.856667281059842],[81.38759225669958,16.857919129416366],[81.38731355967862,16.857956779750833],[81.38710334571515,16.8581676469236],[81.38680091828633,16.858449859969877],[81.38648506311891,16.858720542106767],[81.3863147730354,16.85893558806237],[81.38633569407736,16.85901978986001],[81.38645823941911,16.859269541054104],[81.38657964928596,16.859421974251106],[81.38581068853875,16.859505064428753]]]},"properties":{"Id":49,"Lp_number":9,"area":0,"perimeter":0,"LP":null,"LP_Match":null}},
{"type":"Feature","geometry":{"type":"Polygon","coordinates":[[[81.38657964928596,16.859421974251106],[81.38645823941911,16.859269541054104],[81.3863147730354,16.85893558806237],[81.38648506311891,16.858720542106767],[81.38680091828633,16.858449859969877],[81.38731355967862,16.857956779750833],[81.38759225669958,16.857919129416366],[81.38767217862733,16.857933570495835],[81.3877627203119,16.858288307038954],[81.38785361748525,16.85867345536608],[81.38831851656644,16.85864517010171],[81.38820328620186,16.859021903978295],[81.3879466804612,16.8598131344553],[81.38771035527411,16.860633824913588],[81.38764986254222,16.860575855789016],[81.38704994665629,16.859855951869562],[81.38673412969013,16.859560656928483],[81.38673921031392,16.85942652766308],[81.38657964928596,16.859421974251106]]]},"properties":{"Id":50,"Lp_number":8,"area":0,"perimeter":0,"LP":null,"LP_Match":null}},
{"type":"Feature","geometry":{"type":"Polygon","coordinates":[[[81.38831851656644,16.85864517010171],[81.38807966413077,16.858659702429563],[81.38785361748525,16.85867345536608],[81.38780751882379,16.85847812692559],[81.38773201051762,16.85816798818521],[81.38767217862733,16.857933570495835],[81.38779719398406,16.857899955727895],[81.38820053635358,16.857791502372827],[81.38878977718235,16.857633061774163],[81.38910324221979,16.857548773562268],[81.38916907225712,16.85732028606988],[81.38924745573057,16.857048226514127],[81.38934848627255,16.856738422626975],[81.38947552530493,16.856368795038648],[81.38955963519906,16.856124071508326],[81.38981793205201,16.856131514418305],[81.39016352479325,16.856147096131533],[81.39016729302965,16.856469461620954],[81.3903264960825,16.856443600456462],[81.39166924580275,16.856464663665584],[81.39162533028131,16.85782388690679],[81.39238242052161,16.857775548798614],[81.39267893773328,16.860396519133545],[81.39191462541966,16.86039651694211],[81.39136294364116,16.860392441051747],[81.39120575607242,16.860022632108908],[81.39098598550467,16.859984443515195],[81.39079999634778,16.85999332724145],[81.39069208106886,16.859858509185283],[81.3904963205693,16.859600085831257],[81.39026727725584,16.859337166185977],[81.3898668107899,16.85919197722555],[81.38935285482229,16.85900352139757],[81.38911251883633,16.858911541131942],[81.38894617366292,16.858895142035262],[81.38866690709548,16.858884135287905],[81.38856421537758,16.858627351492682],[81.38831851656644,16.85864517010171]]]},"properties":{"Id":51,"Lp_number":12,"area":0,"perimeter":0,"LP":null,"LP_Match":null}},
{"type":"Feature","geometry":{"type":"Polygon","coordinates":[[[81.38771035527411,16.860633824913588],[81.38781083215983,16.860284898010317],[81.38798549107078,16.859693464387085],[81.38820328620186,16.859021903978295],[81.38831851656644,16.85864517010171],[81.38856421537758,16.858627351492682],[81.38866690709548,16.858884135287905],[81.38894617366292,16.85889514203533],[81.38911251883633,16.858911541131942],[81.38911092973902,16.86105076186295],[81.38838979981419,16.861191699579802],[81.38826294369436,16.860999970043068],[81.38798663146201,16.860815377079703],[81.38772816896002,16.860736432227966],[81.38771035527411,16.860633824913588]]]},"properties":{"Id":52,"Lp_number":7,"area":0,"perimeter":0,"LP":null,"LP_Match":null}},
{"type":"Feature","geometry":{"type":"Polygon","coordinates":[[[81.38911092973902,16.86105076186295],[81.3891110995484,16.860822134516035],[81.3891112688492,16.86059419964625],[81.38911170378049,16.86000867339735],[81.38911251883633,16.858911541131942],[81.38926968489858,16.858971691035343],[81.38970236488785,16.85913167887927],[81.39026727725584,16.859337166186044],[81.39079999634778,16.85999332724145],[81.39098598550467,16.859984443515195],[81.39120575607242,16.860022632108908],[81.39136294364116,16.86039244105182],[81.39135734391267,16.860623967497983],[81.39029676713845,16.86086480527872],[81.38911092973902,16.86105076186295]]]},"properties":{"Id":53,"Lp_number":6,"area":0,"perimeter":0,"LP":null,"LP_Match":null}},
{"type":"Feature","geometry":{"type":"Polygon","coordinates":[[[81.39135734391267,16.860623967497983],[81.39136294364116,16.86039244105182],[81.39267893773328,16.860396519133545],[81.3941041586013,16.860363419632986],[81.39412261197761,16.86122975935339],[81.39119023656947,16.861963209991558],[81.39040365725758,16.862190960176846],[81.39033518734792,16.862019264815185],[81.39052553815122,16.861956922836708],[81.3903507636042,16.86121976476968],[81.39029676713845,16.860864805278787],[81.39093296389005,16.860720337244963],[81.39135734391267,16.860623967497983]]]},"properties":{"Id":54,"Lp_number":5,"area":0,"perimeter":0,"LP":null,"LP_Match":null}},
{"type":"Feature","geometry":{"type":"Polygon","coordinates":[[[81.38839063012892,16.861191659930324],[81.38873229633329,16.861124884986868],[81.3891117600529,16.861050722210567],[81.38948944650157,16.86099149625132],[81.38989692443918,16.860927597795193],[81.3902975974512,16.860864765621628],[81.39037867304934,16.86133393894208],[81.39052636846866,16.861956883178518],[81.39033601766567,16.86201922515778],[81.39040448757608,16.862190920519136],[81.39041990211894,16.862798760318864],[81.39086818655785,16.862769741650723],[81.39117208171662,16.863181229355433],[81.39172884247301,16.86319267056276],[81.39186720903028,16.863657707450805],[81.39211618758733,16.864345676353814],[81.39107282023636,16.8646389458388],[81.39104111871657,16.864769782449716],[81.39016141359032,16.864849835470437],[81.39014302930318,16.86469856954191],[81.38989375268596,16.8646952605446],[81.38987958375237,16.86419386214379],[81.38925327636869,16.862496939051784],[81.38899902786171,16.862067863339007],[81.38866068300982,16.861551516856448],[81.38845847629801,16.86131013529113],[81.38839063012892,16.861191659930324]]]},"properties":{"Id":55,"Lp_number":1,"area":0,"perimeter":0,"LP":null,"LP_Match":null}},
{"type":"Feature","geometry":{"type":"Polygon","coordinates":[[[81.39455315440267,16.863232703960428],[81.39427209163203,16.86335263441144],[81.39408209690782,16.863445391659365],[81.39326595156847,16.863986460689812],[81.39277757227929,16.864139115232994],[81.39211535725995,16.864345716018637],[81.3920231239355,16.86409086073712],[81.39172801215057,16.863192710225913],[81.39178533419306,16.86312150722497],[81.392895829665,16.86288588446366],[81.39322092659829,16.86226938392174],[81.3942245425227,16.862130146448802],[81.39425926897236,16.862257809671007],[81.39443183331139,16.86280489026331],[81.39455315440267,16.863232703960428]]]},"properties":{"Id":56,"Lp_number":2,"area":0,"perimeter":0,"LP":null,"LP_Match":null}},
{"type":"Feature","geometry":{"type":"Polygon","coordinates":[[[81.39172801215057,16.863192710225913],[81.39141521966125,16.86318628265237],[81.39117125139404,16.863181269016323],[81.39086735623698,16.862769781310348],[81.3904190717978,16.862798799976687],[81.39040365725758,16.862190960176846],[81.39076108239848,16.862087469918347],[81.39179130849368,16.861812872737552],[81.39291699344456,16.86153131641077],[81.39412261197761,16.86122975935339],[81.39435456536529,16.86117303317344],[81.39443365701416,16.86154200710898],[81.39454605068268,16.861916996969924],[81.3942245425227,16.862130146448802],[81.39382370726841,16.862185757266108],[81.39322092659829,16.862269383921806],[81.39312730751814,16.86244691977575],[81.392895829665,16.86288588446366],[81.39223331987041,16.863026455289287],[81.39178533419306,16.86312150722497],[81.39172801215057,16.863192710225913]]]},"properties":{"Id":57,"Lp_number":4,"area":0,"perimeter":0,"LP":null,"LP_Match":null}},
{"type":"Feature","geometry":{"type":"Polygon","coordinates":[[[81.39454605068268,16.861916996969924],[81.39520852173362,16.861733197368945],[81.39555046550197,16.861846179606562],[81.39561241883405,16.862170328888393],[81.3957492792383,16.862506112904924],[81.3957849869545,16.86271740826646],[81.39568918008816,16.863049096535285],[81.39455315440267,16.863232703960428],[81.39441002550805,16.86273575319105],[81.3942245425227,16.862130146448802],[81.394365321333,16.862036814785068],[81.39454605068268,16.861916996969924]]]},"properties":{"Id":58,"Lp_number":3,"area":0,"perimeter":0,"LP":null,"LP_Match":null}},
{"type":"Feature","geometry":{"type":"Polygon","coordinates":[[[81.39568918008816,16.863049096535285],[81.39573835746121,16.862878842101292],[81.3957849869545,16.86271740826646],[81.3957492792383,16.862506112904924],[81.39561241883406,16.86217032888846],[81.39555046550197,16.861846179606562],[81.39520852173362,16.861733197368945],[81.39496886324173,16.86179968982187],[81.39454605068268,16.861916996969924],[81.39435456536529,16.86117303317344],[81.39476758420813,16.860970725152285],[81.39539781929547,16.86087214445242],[81.39556370334317,16.860849002929864],[81.39611108474608,16.86076959378004],[81.3965755237867,16.860701754396423],[81.39699746631052,16.860552265758628],[81.39730245163449,16.86034750868],[81.39744280152392,16.86027233558062],[81.3976912696488,16.860207209000436],[81.39827114685713,16.860065383083796],[81.39885129084213,16.859946364382193],[81.39902610128875,16.85997604378699],[81.39905261668234,16.860111706033553],[81.39895583522362,16.860359763364563],[81.39856192653708,16.860774168376764],[81.39865298723844,16.861454464374813],[81.39881190153653,16.862253232056414],[81.39891421642209,16.862476557345946],[81.39816041165126,16.862664734703372],[81.39799586431725,16.8628019225214],[81.39788095753345,16.86292152304659],[81.39568918008816,16.863049096535285]]]},"properties":{"Id":59,"Lp_number":19,"area":0,"perimeter":0,"LP":null,"LP_Match":null}},
{"type":"Feature","geometry":{"type":"Polygon","coordinates":[[[81.39435456536529,16.86117303317344],[81.39424778196391,16.86119914800197],[81.39412261197761,16.86122975935339],[81.39411303584014,16.860780185239946],[81.3941041586013,16.860363419632986],[81.39373880886795,16.859599235475415],[81.3940213714714,16.859324046902866],[81.39389076833037,16.858386993474642],[81.39446087540372,16.858262380914077],[81.39459176621916,16.85922376337936],[81.39476758420813,16.860970725152285],[81.39435456536529,16.86117303317344]]]},"properties":{"Id":60,"Lp_number":18,"area":0,"perimeter":0,"LP":null,"LP_Match":null}},
{"type":"Feature","geometry":{"type":"Polygon","coordinates":[[[81.39476758420813,16.860970725152285],[81.39475302894841,16.86082610263119],[81.39469585912363,16.86025805511749],[81.39461816595623,16.859486078615678],[81.39447749930135,16.858384482693534],[81.39523182132677,16.858262056384607],[81.39535591655998,16.859777567924322],[81.39539781929547,16.860872144452486],[81.39476758420813,16.860970725152285]]]},"properties":{"Id":61,"Lp_number":0,"area":0,"perimeter":0,"LP":null,"LP_Match":null}},
{"type":"Feature","geometry":{"type":"Polygon","coordinates":[[[81.39523182132677,16.858262056384607],[81.39548394739454,16.85822566501302],[81.39557158148523,16.858331020992377],[81.39573548968605,16.85870659143078],[81.39586698356239,16.858584677904858],[81.39675635300118,16.85848131598072],[81.3965755237867,16.860701754396423],[81.39568051743369,16.860832056724483],[81.39539781929547,16.860872144452486],[81.39533209237871,16.859486617555042],[81.39527406280995,16.85877793311198],[81.39523182132677,16.858262056384607]]]},"properties":{"Id":62,"Lp_number":20,"area":0,"perimeter":0,"LP":null,"LP_Match":null}},
{"type":"Feature","geometry":{"type":"Polygon","coordinates":[[[81.39675635300118,16.85848131598072],[81.39751308743969,16.858402547118896],[81.39730245163449,16.86034750868],[81.39699746631052,16.860552265758628],[81.3965755237867,16.860701754396423],[81.39664959495134,16.859792225078746],[81.3967176998804,16.858955949245807],[81.39675635300118,16.85848131598072]]]},"properties":{"Id":63,"Lp_number":21,"area":0,"perimeter":0,"LP":null,"LP_Match":null}},
{"type":"Feature","geometry":{"type":"Polygon","coordinates":[[[81.39751308743969,16.858402547118896],[81.39790413273161,16.85831082659508],[81.39848873470996,16.85828896798913],[81.39888070718976,16.858276316269443],[81.39989456468524,16.85802093107007],[81.39991299113744,16.85845822561438],[81.39988799262171,16.85859330772128],[81.39986970788864,16.858734154615142],[81.39985078043003,16.8588202602992],[81.39982599605975,16.858973589464476],[81.39979456923392,16.859127236188673],[81.39974235819042,16.859208847318737],[81.39969636108668,16.859253646738356],[81.39963686489722,16.859280834196053],[81.39956401243734,16.859302574392796],[81.3995044448123,16.85932367945641],[81.3994315923199,16.859345419606626],[81.39933309823687,16.859447500561554],[81.39930117118074,16.8595585707183],[81.3992156048365,16.859629604740377],[81.39916996445821,16.859704815827442],[81.39912418126633,16.859767862191614],[81.39902610128875,16.85997604378699],[81.39885129084213,16.859946364382193],[81.39857014423687,16.860004042879165],[81.39827114685713,16.860065383083796],[81.39792981144058,16.86014886685764],[81.3976912696488,16.860207209000436],[81.39752031364861,16.86025201872736],[81.39738334249662,16.8603041825741],[81.39730245163449,16.86034750868],[81.397364013468,16.85977906490044],[81.39741884473663,16.859272766570996],[81.39751308743969,16.858402547118896]]]},"properties":{"Id":64,"Lp_number":22,"area":0,"perimeter":0,"LP":null,"LP_Match":null}},
{"type":"Feature","geometry":{"type":"Polygon","coordinates":[[[81.39989456468524,16.85802093107007],[81.39963636456733,16.858085970816386],[81.39934238105766,16.85816002383163],[81.39888070718976,16.85827631626951],[81.39848873470996,16.858288967989196],[81.39814989957529,16.858301637434113],[81.39784156551138,16.85832550192849],[81.39751308743969,16.858402547118896],[81.39675635300118,16.85848131598072],[81.3958669835624,16.858584677904926],[81.3956350831862,16.858078469918762],[81.39640281976106,16.857804434775087],[81.39623098541564,16.85731969979885],[81.39756303256972,16.85699434721052],[81.39924669035511,16.85661566239333],[81.39983928335292,16.857841000882544],[81.39989456468524,16.85802093107007]]]},"properties":{"Id":65,"Lp_number":23,"area":0,"perimeter":0,"LP":null,"LP_Match":null}},
{"type":"Feature","geometry":{"type":"Polygon","coordinates":[[[81.3956350831862,16.858078469918762],[81.39446087540372,16.858262380914077],[81.39389076833037,16.858386993474642],[81.39380420338725,16.858372872201162],[81.39378992153776,16.85828835385893],[81.39387477717348,16.858156498432056],[81.39393963428923,16.858019512728198],[81.39397156425717,16.857908443328483],[81.39412262977106,16.857755166961592],[81.39427397996805,16.857626219937348],[81.3943454077621,16.85748283436165],[81.39440969443245,16.85729718960968],[81.39445455255556,16.857155073545176],[81.39446634130044,16.857026709145927],[81.39443198973544,16.8569309782826],[81.39438421103443,16.856823717459346],[81.39436321547852,16.85673343417067],[81.39434221994335,16.856643150878522],[81.39434157884975,16.85658840960894],[81.3947528340987,16.856520072417993],[81.3952635815511,16.856434808485602],[81.39531586507142,16.856359280811294],[81.39534122290976,16.856254610981953],[81.39536015219022,16.85616850565455],[81.39543928996173,16.856116037726675],[81.39553156979295,16.856050770198195],[81.39562413465201,16.856009832078577],[81.39569005892297,16.85596408127031],[81.39602253121669,16.85597862139944],[81.3960766677809,16.856061234946765],[81.39615801529673,16.856197319961318],[81.39619929507757,16.856317062528543],[81.39624743112506,16.856454734722725],[81.39624949863594,16.85663112320299],[81.39623892310358,16.856862887824743],[81.39620806401953,16.857065192974233],[81.39623098541564,16.85731969979885],[81.39629923123354,16.85751221771999],[81.39636018390782,16.857684161697055],[81.39640281976106,16.857804434775087],[81.39616076538171,16.857890833822207],[81.3958017842765,16.858018968103956],[81.3956350831862,16.858078469918762]]]},"properties":{"Id":66,"Lp_number":25,"area":0,"perimeter":0,"LP":null,"LP_Match":null}},
{"type":"Feature","geometry":{"type":"Polygon","coordinates":[[[81.39238242052161,16.857775548798614],[81.39306006152816,16.857824191918535],[81.39362594631058,16.85790669939914],[81.39397156425717,16.857908443328483],[81.3939036519281,16.858095511648685],[81.3938340186614,16.858219832272532],[81.39378992153776,16.85828835385893],[81.39380420338725,16.858372872201162],[81.39389076833037,16.858386993474642],[81.39396806586943,16.858941590276544],[81.3940213714714,16.859324046902934],[81.39373880886795,16.859599235475415],[81.39391145386631,16.85996034944476],[81.39402513994737,16.860198140776884],[81.3941041586013,16.860363419632986],[81.39356769393405,16.860375879715757],[81.39313665289704,16.86038589018169],[81.39267893773328,16.860396519133545],[81.39256406494532,16.85938114693608],[81.39244294091178,16.858310506239864],[81.39238242052161,16.857775548798614]]]},"properties":{"Id":67,"Lp_number":17,"area":0,"perimeter":0,"LP":null,"LP_Match":null}},
{"type":"Feature","geometry":{"type":"Polygon","coordinates":[[[81.39166924580276,16.85646466366565],[81.3924922306839,16.856439422127266],[81.39384926200799,16.85654498951558],[81.39390311293394,16.856603274193386],[81.39434157884975,16.85658840960894],[81.39446634130044,16.857026709145995],[81.39445455255556,16.857155073545176],[81.3943454077621,16.85748283436165],[81.39412262977106,16.857755166961592],[81.39397156425717,16.857908443328483],[81.39362594631058,16.85790669939914],[81.39316703163287,16.857839788565062],[81.392761487779,16.85780275967163],[81.39238242052161,16.857775548798614],[81.39208256188196,16.857794694276215],[81.39162533028131,16.85782388690679],[81.39165736298493,16.85683244838458],[81.39166924580276,16.85646466366565]]]},"properties":{"Id":68,"Lp_number":16,"area":0,"perimeter":0,"LP":null,"LP_Match":null}},
{"type":"Feature","geometry":{"type":"Polygon","coordinates":[[[81.39756303256972,16.85699434721052],[81.39738670229937,16.856126424512563],[81.39698180602137,16.8561701200337],[81.39683754972724,16.85520329158747],[81.39848819605777,16.854844447636122],[81.39880387559752,16.85569353663884],[81.39924669035511,16.85661566239339],[81.39831454910944,16.856825319554883],[81.39756303256972,16.85699434721052]]]},"properties":{"Id":68,"Lp_number":30,"area":0,"perimeter":0,"LP":null,"LP_Match":null}},
{"type":"Feature","geometry":{"type":"Polygon","coordinates":[[[81.39569005892297,16.855964081270383],[81.39555907974167,16.855562594076826],[81.3955303011736,16.85537531052429],[81.39641222930348,16.855205361810185],[81.39683754972724,16.85520329158747],[81.39698180602137,16.8561701200337],[81.39738670229937,16.856126424512563],[81.39756303256972,16.85699434721052],[81.39623098541564,16.85731969979885],[81.39620806401953,16.857065192974233],[81.39623892310358,16.856862887824743],[81.39624949863594,16.85663112320306],[81.39622502869956,16.856390662371158],[81.39615801529673,16.856197319961318],[81.3960766677809,16.856061234946765],[81.39589810098734,16.855973179711352],[81.3958256812797,16.855970012556465],[81.39569005892297,16.855964081270383]]]},"properties":{"Id":69,"Lp_number":29,"area":0,"perimeter":0,"LP":null,"LP_Match":null}},
{"type":"Feature","geometry":{"type":"Polygon","coordinates":[[[81.39641222930348,16.855205361810185],[81.3963721734628,16.85462304228833],[81.39628640637292,16.854109850839933],[81.39624035060135,16.853582589931616],[81.39630570355621,16.853488180030315],[81.39727468432204,16.853374924584568],[81.3980584665527,16.853337460728063],[81.39858220280085,16.85322722427094],[81.39856698618155,16.853629612647353],[81.39852119874472,16.85425863594096],[81.39848819605777,16.854844447636122],[81.39792673967422,16.854966507657895],[81.39714830949104,16.855135734763735],[81.39683754972724,16.85520329158747],[81.39660421925721,16.855204427419356],[81.39641222930348,16.855205361810185]]]},"properties":{"Id":70,"Lp_number":31,"area":0,"perimeter":0,"LP":null,"LP_Match":null}},
{"type":"Feature","geometry":{"type":"Polygon","coordinates":[[[81.39624035060135,16.853582589931616],[81.39625103333455,16.853704889507064],[81.39626455028446,16.853859635905366],[81.39630250294076,16.854206165647017],[81.39637802079147,16.85470804922065],[81.39641222930348,16.855205361810185],[81.39617012487383,16.855252016059424],[81.3955303011736,16.85537531052429],[81.3951967916692,16.854137579679275],[81.3953158534365,16.854089289699797],[81.3953678512623,16.85398943255367],[81.39543671139923,16.853627081492384],[81.39624035060135,16.853582589931616]]]},"properties":{"Id":71,"Lp_number":28,"area":0,"perimeter":0,"LP":null,"LP_Match":null}},
{"type":"Feature","geometry":{"type":"Polygon","coordinates":[[[81.3947528340987,16.85652007241806],[81.39470170686867,16.856126940599463],[81.39465065110953,16.855739891112385],[81.39455831701741,16.855233098667803],[81.3944589137635,16.854690129348057],[81.39442192703437,16.85436935096667],[81.3943797228088,16.854170537245796],[81.39457913302967,16.854173180339874],[81.3951967916692,16.854137579679275],[81.39534414953694,16.85468446094121],[81.39548265242288,16.85519847607147],[81.3955303011736,16.85537531052429],[81.39564331144254,16.855820787606284],[81.39569005892297,16.855964081270383],[81.39553156979295,16.856050770198195],[81.39536015219022,16.856168505654622],[81.39531586507142,16.856359280811294],[81.3952635815511,16.856434808485602],[81.39499757613812,16.856479215468127],[81.3947528340987,16.85652007241806]]]},"properties":{"Id":72,"Lp_number":27,"area":0,"perimeter":0,"LP":null,"LP_Match":null}},
{"type":"Feature","geometry":{"type":"Polygon","coordinates":[[[81.3947528340987,16.85652007241806],[81.39434157884975,16.85658840960894],[81.39390311293394,16.856603274193386],[81.39384926200799,16.85654498951558],[81.3937860191985,16.85654006987709],[81.39373972825823,16.85570430140496],[81.39365726315911,16.85490492025697],[81.39360950545586,16.854231681879494],[81.3943797228088,16.854170537245796],[81.39450969370165,16.854967504476868],[81.39466527187929,16.855850730136364],[81.39470170686867,16.856126940599463],[81.39472700728254,16.856321482904846],[81.3947528340987,16.85652007241806]]]},"properties":{"Id":73,"Lp_number":26,"area":0,"perimeter":0,"LP":null,"LP_Match":null}},
{"type":"Feature","geometry":{"type":"Polygon","coordinates":[[[81.3924922306839,16.856439422127266],[81.3924323306819,16.855864135997933],[81.39225066354092,16.855106008191086],[81.39210849574002,16.854315564438604],[81.39360950545586,16.854231681879494],[81.39366910292864,16.855019690347092],[81.3937458101035,16.85581410773109],[81.39377576329923,16.856354903587892],[81.3937860191985,16.85654006987709],[81.39314104512037,16.856489896413798],[81.39282431917229,16.856465257092307],[81.3924922306839,16.856439422127266]]]},"properties":{"Id":74,"Lp_number":15,"area":0,"perimeter":0,"LP":null,"LP_Match":null}},
{"type":"Feature","geometry":{"type":"Polygon","coordinates":[[[81.3903264960825,16.856443600456462],[81.3904100058812,16.855699050411268],[81.39049595863915,16.855092454362154],[81.39056077519567,16.85438340977436],[81.39210849574002,16.854315564438604],[81.39227169259858,16.855193766352507],[81.39244558390996,16.855991421777567],[81.3924922306839,16.856439422127266],[81.39166924580276,16.85646466366565],[81.39088472379787,16.85645235823256],[81.3903264960825,16.856443600456462]]]},"properties":{"Id":75,"Lp_number":14,"area":0,"perimeter":0,"LP":null,"LP_Match":null}},
{"type":"Feature","geometry":{"type":"Polygon","coordinates":[[[81.39057906649424,16.85424256351405],[81.39051689767878,16.853472640759954],[81.39049877796947,16.853059674171888],[81.39176715866482,16.852974744440612],[81.39203884939742,16.852906993678246],[81.39209328993111,16.854151975151442],[81.39057906649424,16.85424256351405]]]},"properties":{"Id":76,"Lp_number":47,"area":0,"perimeter":0,"LP":null,"LP_Match":null}},
{"type":"Feature","geometry":{"type":"Polygon","coordinates":[[[81.39453707116058,16.853986531379437],[81.39224563500566,16.854108182747666],[81.39220668390202,16.853051120101373],[81.39461666992236,16.852838603298157],[81.39474814381636,16.85328266783509],[81.39451051955805,16.853421823614948],[81.39453707116058,16.853986531379437]]]},"properties":{"Id":77,"Lp_number":40,"area":0,"perimeter":0,"LP":null,"LP_Match":null}},
{"type":"Feature","geometry":{"type":"Polygon","coordinates":[[[81.39453707116058,16.853986531379437],[81.39452450374574,16.853719244202427],[81.39451051955805,16.853421823614948],[81.3945741323042,16.853384571230553],[81.39474814381636,16.85328266783509],[81.39543929157266,16.853280069322174],[81.39540857465636,16.853494539155506],[81.39525694343602,16.853599157526247],[81.39523886943489,16.853758251230595],[81.39520022734958,16.853863555888967],[81.39512808895452,16.85394611812967],[81.39453707116058,16.853986531379437]]]},"properties":{"Id":78,"Lp_number":39,"area":0,"perimeter":0,"LP":null,"LP_Match":null}},
{"type":"Feature","geometry":{"type":"Polygon","coordinates":[[[81.39540857465636,16.853494539155506],[81.39543929157266,16.853280069322174],[81.39532593850029,16.853280495656144],[81.39474814381636,16.85328266783509],[81.39461666992236,16.852838603298157],[81.39432679917981,16.851921331572065],[81.3949560962589,16.85174520260593],[81.39590357452933,16.851499093957592],[81.39609317767695,16.852366383677037],[81.3962844223325,16.85337356746757],[81.39540857465636,16.853494539155506]]]},"properties":{"Id":79,"Lp_number":38,"area":0,"perimeter":0,"LP":null,"LP_Match":null}},
{"type":"Feature","geometry":{"type":"Polygon","coordinates":[[[81.3962844223325,16.85337356746757],[81.39623459613719,16.853111160539733],[81.39610566752222,16.852432161396823],[81.39590357452933,16.851499093957592],[81.39642052237338,16.851377015781093],[81.3969285247693,16.852192572701625],[81.39711450589675,16.852183683580126],[81.39725997342909,16.853253912293702],[81.3962844223325,16.85337356746757]]]},"properties":{"Id":80,"Lp_number":37,"area":0,"perimeter":0,"LP":null,"LP_Match":null}},
{"type":"Feature","geometry":{"type":"Polygon","coordinates":[[[81.39725997342909,16.853253912293702],[81.39720532833756,16.85285188086786],[81.39711450589675,16.852183683580126],[81.3969285247693,16.852192572701625],[81.39659862851273,16.851662951805096],[81.39642052237338,16.851377015781157],[81.39647794904293,16.851173440712635],[81.39667699959888,16.851145670013583],[81.39710745546809,16.851015552323695],[81.3973330743157,16.850986511109497],[81.39750534199422,16.85094176243243],[81.39761804435177,16.850918118093897],[81.39783659282982,16.850852899637584],[81.39809506528967,16.850791858304085],[81.39803614223312,16.85086770417208],[81.39796479096097,16.85101717337608],[81.39794607734888,16.851121526039602],[81.39788765351265,16.851239948406207],[81.397868939839,16.851344301061935],[81.39787700878698,16.851465630822354],[81.39789843340783,16.851592407950697],[81.39792528741503,16.851615467413303],[81.3979859943292,16.851691680640663],[81.39801291970552,16.85172082245347],[81.39806098447045,16.851852411918202],[81.39815525911924,16.85195744938915],[81.39820939541265,16.85204006241071],[81.39825046145538,16.852141557519445],[81.39831745407736,16.852187041320516],[81.39834495042085,16.852264841980496],[81.39839230198587,16.85233560773569],[81.39841979838258,16.85241340838335],[81.39845407971163,16.852503056234323],[81.39847486260568,16.852575092025965],[81.39850214498917,16.852634645575048],[81.39852314200265,16.852724928444133],[81.39853728274814,16.852797281744262],[81.39857135011441,16.852868682486005],[81.3985790627764,16.852959600384263],[81.3985539212159,16.853082517683347],[81.39797711896446,16.85320137643202],[81.39725997342909,16.853253912293702]]]},"properties":{"Id":82,"Lp_number":32,"area":0,"perimeter":0,"LP":null,"LP_Match":null}},
{"type":"Feature","geometry":{"type":"Polygon","coordinates":[[[81.39809506528967,16.850791858304152],[81.39783659282982,16.850852899637584],[81.39761804435177,16.850918118093897],[81.3973330743157,16.850986511109497],[81.39710745546809,16.851015552323695],[81.39701074725573,16.851044785261188],[81.39667699959888,16.851145670013583],[81.39647794904293,16.851173440712635],[81.39642052237338,16.851377015781157],[81.39590357452933,16.851499093957592],[81.39567178615775,16.851559301733655],[81.39432679917981,16.851921331572065],[81.39413633121293,16.851547029080372],[81.39400991637216,16.851534812064678],[81.39396792691562,16.851354245282558],[81.39525901502967,16.850939576979773],[81.39619313333833,16.8506880195239],[81.39651795615377,16.85061772338632],[81.39802265110487,16.850284114811174],[81.39809506528967,16.850791858304152]]]},"properties":{"Id":83,"Lp_number":38,"area":0,"perimeter":0,"LP":null,"LP_Match":null}},
{"type":"Feature","geometry":{"type":"Polygon","coordinates":[[[81.39802265110487,16.850284114811174],[81.39784502984585,16.850323496166826],[81.39763851437966,16.850369283598233],[81.3970447606937,16.85050092600391],[81.39651795615377,16.85061772338632],[81.3960443814854,16.850728078629277],[81.39536869202783,16.850910041288756],[81.39498363495854,16.85102802365946],[81.39478131292688,16.849873051595335],[81.39505992519032,16.849829309001223],[81.39517919807945,16.8497992662367],[81.39529854218506,16.849775305769867],[81.39535703847767,16.849662966465313],[81.3953563259041,16.84960214280088],[81.39704963188697,16.84948470133333],[81.39721803755083,16.84967748260658],[81.39744607982013,16.8498552416848],[81.39768705006496,16.85000195370169],[81.39786767098269,16.850102863976794],[81.39802265110487,16.850284114811174]]]},"properties":{"Id":84,"Lp_number":35,"area":0,"perimeter":0,"LP":null,"LP_Match":null}},
{"type":"Feature","geometry":{"type":"Polygon","coordinates":[[[81.39476660393665,16.84975203904528],[81.39468112859697,16.84926317601484],[81.394541751298,16.84814396835695],[81.39553499397638,16.847834816311746],[81.39597971173939,16.848355196929393],[81.39646271593871,16.848739859772397],[81.39679124305313,16.848985846271038],[81.39698128565351,16.849323652146197],[81.3953410465207,16.84943247136375],[81.39521741188469,16.8496574673585],[81.39476660393665,16.84975203904528]]]},"properties":{"Id":87,"Lp_number":206,"area":0,"perimeter":0,"LP":null,"LP_Match":null}},
{"type":"Feature","geometry":{"type":"Polygon","coordinates":[[[81.39569316306954,16.84601978275328],[81.39592033052898,16.846690532929966],[81.3964449525107,16.84779132810311],[81.39675618993489,16.848263314598146],[81.39688502709762,16.848482330399666],[81.3968622380085,16.84880596561524],[81.3967823193133,16.848791528036354],[81.3966010585449,16.848635875463028],[81.39623889431579,16.848354981641805],[81.39599742832854,16.848165691267084],[81.39591594194326,16.848017441274045],[81.39574818049203,16.847879400146244],[81.39559991779954,16.84770391241283],[81.39554492876587,16.847548310208378],[81.39549658184436,16.84739239056912],[81.3954350934904,16.84724927047812],[81.39534117897603,16.84717464346819],[81.39520662872712,16.847035014806075],[81.39512549968934,16.846917176301233],[81.39500266643763,16.84664310058024],[81.3949125447969,16.846324861209933],[81.3948245605615,16.84618909285683],[81.39480299619953,16.846050150546578],[81.39569316306954,16.84601978275328]]]},"properties":{"Id":88,"Lp_number":208,"area":0,"perimeter":0,"LP":null,"LP_Match":null}},
{"type":"Feature","geometry":{"type":"Polygon","coordinates":[[[81.39393581684133,16.846341104300816],[81.39408879616876,16.846352051963883],[81.39435468928232,16.846357604112526],[81.39451395449217,16.846337822233025],[81.39468714472548,16.846372146774854],[81.39484833332125,16.84651658859748],[81.39491010594817,16.846684038363406],[81.39495887964895,16.846876452376446],[81.39502179239777,16.847141219991556],[81.39511606300862,16.847246258991404],[81.395209977473,16.847320886104782],[81.39531067653775,16.84740736049907],[81.39537823683229,16.847501504272458],[81.39544636725822,16.847644306961772],[81.39553499397638,16.847834816311746],[81.39518528514847,16.84794366569651],[81.39454717950788,16.84818755746464],[81.3943092083752,16.848148994353366],[81.39405362504435,16.847321370288448],[81.39393581684133,16.846341104300816]]]},"properties":{"Id":89,"Lp_number":210,"area":0,"perimeter":0,"LP":null,"LP_Match":null}},
{"type":"Feature","geometry":{"type":"Polygon","coordinates":[[[81.39220668390202,16.853051120101373],[81.39215212201542,16.85287571794692],[81.39206723881318,16.85243703340135],[81.39203558782782,16.85228792267523],[81.39216409669027,16.85219506139231],[81.39223732701309,16.85206376189268],[81.39315143958737,16.851805567088412],[81.39361312942404,16.851646578618784],[81.39400991637216,16.851534812064678],[81.39413633121293,16.851547029080372],[81.39432679917981,16.851921331572065],[81.3944769034114,16.852396325069922],[81.39461666992236,16.852838603298157],[81.39339308908997,16.852946504396176],[81.39220668390202,16.853051120101373]]]},"properties":{"Id":89,"Lp_number":41,"area":0,"perimeter":0,"LP":null,"LP_Match":null}},
{"type":"Feature","geometry":{"type":"Polygon","coordinates":[[[81.39183959595894,16.852151226984613],[81.39203884939742,16.85290699367831],[81.39049877796947,16.853059674171888],[81.39030026670756,16.852224755746843],[81.39048437444875,16.852197704829628],[81.39068782206171,16.85211952240766],[81.39112652699748,16.852125953190644],[81.39183959595894,16.852151226984613]]]},"properties":{"Id":90,"Lp_number":46,"area":0,"perimeter":0,"LP":null,"LP_Match":null}},
{"type":"Feature","geometry":{"type":"Polygon","coordinates":[[[81.39183959595894,16.852151226984613],[81.39148868148806,16.8521387895922],[81.39107612479972,16.852125214414762],[81.39068782206171,16.85211952240766],[81.39048437444875,16.852197704829628],[81.39030026670756,16.852224755746843],[81.39025832825457,16.852154870738783],[81.39012799163302,16.8520203626034],[81.39012179634786,16.851845692733338],[81.39013498047382,16.85155218553839],[81.39039518304992,16.85142564938423],[81.39068422253813,16.85127871747483],[81.39080759887725,16.850462656620216],[81.39153707791989,16.850328917493915],[81.39187324362342,16.85137026101153],[81.39204940827234,16.851871528459675],[81.39208894969369,16.85205601613225],[81.39201498105402,16.85212421100961],[81.39183959595894,16.852151226984613]]]},"properties":{"Id":91,"Lp_number":45,"area":0,"perimeter":0,"LP":null,"LP_Match":null}},
{"type":"Feature","geometry":{"type":"Polygon","coordinates":[[[81.39223732701309,16.85206376189268],[81.39208894969369,16.85205601613225],[81.39153707791989,16.850328917493915],[81.39190565709418,16.850235238285382],[81.3922038412245,16.85016013579121],[81.39245667187787,16.850113824809984],[81.39252831193365,16.850201688812376],[81.3925749995966,16.850286941271914],[81.39273650109149,16.850244993122796],[81.39294790741678,16.85020826779827],[81.39307664305294,16.850205920862116],[81.39314810545682,16.850278578719927],[81.3932251875412,16.850476487053818],[81.39345201644188,16.85104760130575],[81.39361312942404,16.851646578618784],[81.39323852927188,16.851775576803384],[81.39223732701309,16.85206376189268]]]},"properties":{"Id":92,"Lp_number":44,"area":0,"perimeter":0,"LP":null,"LP_Match":null}},
{"type":"Feature","geometry":{"type":"Polygon","coordinates":[[[81.39361312942404,16.851646578618784],[81.39345201644188,16.85104760130575],[81.39314810545682,16.850278578719927],[81.39346329491573,16.8502368943701],[81.39434931936117,16.84999296817926],[81.39478131292688,16.849873051595335],[81.39498363495854,16.85102802365946],[81.39396792691562,16.851354245282558],[81.39400991637216,16.851534812064678],[81.39361312942404,16.851646578618784]]]},"properties":{"Id":93,"Lp_number":42,"area":0,"perimeter":0,"LP":null,"LP_Match":null}},
{"type":"Feature","geometry":{"type":"Polygon","coordinates":[[[81.39476660393665,16.84975203904528],[81.3942994546667,16.849849292367374],[81.39353067872557,16.850032083719928],[81.39320614045056,16.850126704609547],[81.39305237509373,16.850048850301658],[81.39291289060799,16.85005551436921],[81.39271405407676,16.850101528514777],[81.39258135399504,16.850120039767987],[81.3925206497242,16.850043824874092],[81.39247880436588,16.849875422462976],[81.3924280397354,16.849512701535726],[81.39250582345996,16.84934466972573],[81.39256349080064,16.848593365037946],[81.39454717950788,16.84818755746464],[81.39476660393665,16.84975203904528]]]},"properties":{"Id":93,"Lp_number":205,"area":0,"perimeter":0,"LP":null,"LP_Match":null}},
{"type":"Feature","geometry":{"type":"Polygon","coordinates":[[[81.39080759887725,16.850462656620216],[81.39075892275035,16.849994095410658],[81.39074964954055,16.84976936494902],[81.39071494567831,16.849643221473663],[81.39175068758777,16.84955723162119],[81.3924280397354,16.849512701535726],[81.39247880436588,16.849875422462976],[81.3925206497242,16.850043824874092],[81.39245667187787,16.850113824809984],[81.39181950324091,16.850257135479048],[81.39153707791989,16.850328917493915],[81.39114433199518,16.85040092195867],[81.39080759887725,16.850462656620216]]]},"properties":{"Id":94,"Lp_number":204,"area":0,"perimeter":0,"LP":null,"LP_Match":null}},
{"type":"Feature","geometry":{"type":"Polygon","coordinates":[[[81.39180139789958,16.849553897931816],[81.39167502930418,16.84899791223022],[81.39143177998179,16.848087538154488],[81.39128532656179,16.847498128668477],[81.39137810164331,16.847475439613536],[81.39131291780149,16.847016034880244],[81.39265382174533,16.84688503377455],[81.39162600765628,16.844238138835845],[81.3924799686054,16.843953911910965],[81.39292348167687,16.84380492143625],[81.39326376288042,16.84448852741986],[81.39323439719861,16.844818562191335],[81.39329109199,16.845120142023255],[81.39333507256464,16.845471015484705],[81.39339319154129,16.84589424267662],[81.39338804456732,16.846022289807017],[81.39327584282488,16.84608850837894],[81.39317142192579,16.8462517274826],[81.39297114339567,16.846742072208084],[81.39295871352087,16.846815695322523],[81.3927945850289,16.846987852601465],[81.39272994417239,16.84714308514026],[81.39264687167696,16.847426999412498],[81.39259079409483,16.84774613858358],[81.392514719021,16.848060147324333],[81.39254555717828,16.84842382025075],[81.39256349080064,16.848593365037946],[81.39253848740421,16.848919116234246],[81.39251361268218,16.849243190069334],[81.39247332003687,16.849414885083622],[81.3924280397354,16.849512701535726],[81.39212627705606,16.8495325401181],[81.39180139789958,16.849553897931816]]]},"properties":{"Id":95,"Lp_number":212,"area":0,"perimeter":0,"LP":null,"LP_Match":null}},
{"type":"Feature","geometry":{"type":"Polygon","coordinates":[[[81.39256349080064,16.848593365037946],[81.392514719021,16.848060147324333],[81.39259079409483,16.84774613858358],[81.39266475864146,16.84736586776488],[81.3927945850289,16.846987852601465],[81.39291689351232,16.8468595611111],[81.39297114339567,16.846742072208084],[81.39309250084804,16.846444951378825],[81.39322027120971,16.84617537177113],[81.39338804456732,16.846022289807017],[81.39352887878263,16.846131190514573],[81.39358965336432,16.84621348752728],[81.39368963910978,16.846239139051907],[81.39383626118169,16.846274733742156],[81.39393581684133,16.846341104300816],[81.39405362504435,16.847321370288448],[81.39427028381044,16.84802295023073],[81.3943092083752,16.848148994353366],[81.3943155051619,16.848234952670524],[81.39256349080064,16.848593365037946]]]},"properties":{"Id":96,"Lp_number":211,"area":0,"perimeter":0,"LP":null,"LP_Match":null}},
{"type":"Feature","geometry":{"type":"Polygon","coordinates":[[[81.3948245605615,16.84618909285683],[81.39429391708195,16.846198093963096],[81.39402131099897,16.846186776728644],[81.39368171552464,16.846129973744723],[81.39360924393601,16.84561614580827],[81.39352711977655,16.84541315343105],[81.39346399614574,16.845130138144544],[81.3938353754305,16.845063707318168],[81.3943528058784,16.844984211206686],[81.39446484602777,16.845471805111906],[81.39476359151543,16.845445358000163],[81.39503519916302,16.845371521101118],[81.39541322025107,16.84530477002422],[81.39569316306954,16.84601978275328],[81.39480299619953,16.846050150546578],[81.3948245605615,16.84618909285683]]]},"properties":{"Id":97,"Lp_number":217,"area":0,"perimeter":0,"LP":null,"LP_Match":null}},
{"type":"Feature","geometry":{"type":"Polygon","coordinates":[[[81.39541322025107,16.84530477002422],[81.3952719615737,16.84532971361039],[81.39503519916302,16.845371521101118],[81.39476359151543,16.845445358000163],[81.39446484602777,16.84547180511197],[81.3943528058784,16.84498421120675],[81.39346399614574,16.845130138144544],[81.39337646201562,16.844464885464827],[81.3941062900203,16.844363070099405],[81.39389677902142,16.843496729597184],[81.3947979385211,16.843271095329364],[81.39565559563587,16.8433031386171],[81.39567308376563,16.843661363598233],[81.39556852371773,16.843812419148815],[81.39538054013099,16.84421697815001],[81.39516584557433,16.84461064185584],[81.39512763265789,16.844752440773235],[81.39515619524946,16.844921477509317],[81.39541322025107,16.84530477002422]]]},"properties":{"Id":98,"Lp_number":218,"area":0,"perimeter":0,"LP":null,"LP_Match":null}},
{"type":"Feature","geometry":{"type":"Polygon","coordinates":[[[81.39337646201562,16.844464885464827],[81.39313545304839,16.843746107780714],[81.39389677902142,16.843496729597184],[81.3941062900203,16.84436307009947],[81.39373447855827,16.84441494035581],[81.39337646201562,16.844464885464827]]]},"properties":{"Id":99,"Lp_number":0,"area":0,"perimeter":0,"LP":null,"LP_Match":null}},
{"type":"Feature","geometry":{"type":"Polygon","coordinates":[[[81.39389677902142,16.843496729597184],[81.39313545304839,16.84374610778078],[81.39300591171936,16.843466265641585],[81.39290851259443,16.843093601168817],[81.39281853858525,16.84278752540687],[81.39271634864319,16.842573319836617],[81.39318078040256,16.84250853011228],[81.39400987276359,16.842371543276375],[81.39492516532404,16.84221826227169],[81.3956951911032,16.84214494892338],[81.39565559563587,16.843303138617163],[81.3947979385211,16.843271095329364],[81.39397186024416,16.84347793076869],[81.39389677902142,16.843496729597184]]]},"properties":{"Id":100,"Lp_number":219,"area":0,"perimeter":0,"LP":null,"LP_Match":null}},
{"type":"Feature","geometry":{"type":"Polygon","coordinates":[[[81.39492516532404,16.84221826227169],[81.394938109757,16.841621237684596],[81.39575597979234,16.841661267444763],[81.39573940359645,16.841948091128838],[81.3956951911032,16.842144948923448],[81.39527182539528,16.842185257492847],[81.39492516532404,16.84221826227169]]]},"properties":{"Id":101,"Lp_number":220,"area":0,"perimeter":0,"LP":null,"LP_Match":null}},
{"type":"Feature","geometry":{"type":"Polygon","coordinates":[[[81.39587983678413,16.840888540263236],[81.39575597979236,16.841661267444834],[81.39550919664966,16.841649189257367],[81.3953112248351,16.841639499803374],[81.394938109757,16.841621237684596],[81.39460423091438,16.84162664723453],[81.39393147561907,16.84167156612586],[81.3934255853784,16.84171991704001],[81.39295941561517,16.841764470510988],[81.3927154470116,16.84192827091823],[81.39251718813787,16.842022943723002],[81.39229079636486,16.84198507334587],[81.39209771040005,16.841385720450106],[81.39276004181596,16.841195847464604],[81.39279555154233,16.840822918695345],[81.39327940612809,16.840714600236034],[81.39376947474597,16.840569469051147],[81.39464740108677,16.840630976616012],[81.39490057249935,16.84068582197485],[81.3952416546679,16.840870352978488],[81.39587983678413,16.840888540263236]]]},"properties":{"Id":104,"Lp_number":221,"area":0,"perimeter":0,"LP":null,"LP_Match":null}},
{"type":"Feature","geometry":{"type":"Polygon","coordinates":[[[81.39279555154233,16.840822918695412],[81.39271872011636,16.840504043398706],[81.3926036749659,16.840326966587572],[81.39348404165644,16.84002930175819],[81.39342035057855,16.839697627277005],[81.39451946324833,16.839352991394705],[81.39446924924192,16.839604907727576],[81.39457279267674,16.83993467756761],[81.39462241883612,16.840200080304612],[81.394690902093,16.8403732952764],[81.39464740108677,16.840630976616012],[81.3943103661334,16.8406073643791],[81.39397313299544,16.840583737697155],[81.39371159397936,16.84058661020096],[81.39309330827858,16.840756261315686],[81.39279555154233,16.840822918695412]]]},"properties":{"Id":105,"Lp_number":222,"area":0,"perimeter":0,"LP":null,"LP_Match":null}},
{"type":"Feature","geometry":{"type":"Polygon","coordinates":[[[81.39464740108677,16.840630976616012],[81.3946640288975,16.840532480661455],[81.394690902093,16.8403732952764],[81.39465545962646,16.84028365054956],[81.39460561842725,16.84011023111853],[81.39454778292087,16.839855025474257],[81.39446924924192,16.839604907727637],[81.39451946324833,16.839352991394705],[81.39532612206365,16.839004068590462],[81.39587983678413,16.840888540263236],[81.39559925670632,16.84088054437408],[81.3952416546679,16.840870352978488],[81.39490057249935,16.84068582197485],[81.39464740108677,16.840630976616012]]]},"properties":{"Id":106,"Lp_number":223,"area":0,"perimeter":0,"LP":null,"LP_Match":null}},
{"type":"Feature","geometry":{"type":"Polygon","coordinates":[[[81.3926036749659,16.840326966587636],[81.39268646002205,16.840018722701316],[81.39321303255556,16.839585817328118],[81.39342035057855,16.839697627277005],[81.39348404165644,16.84002930175819],[81.39295278077117,16.840208929378697],[81.3926036749659,16.840326966587636]]]},"properties":{"Id":106,"Lp_number":0,"area":0,"perimeter":0,"LP":null,"LP_Match":null}},
{"type":"Feature","geometry":{"type":"Polygon","coordinates":[[[81.39209771040005,16.841385720450106],[81.39202602772384,16.84093879771586],[81.39162208687183,16.841061552952905],[81.39161072372086,16.841226411658944],[81.3906507176067,16.841533958054],[81.39061601543351,16.841407814428532],[81.39093297411554,16.841234444214937],[81.39090728909345,16.840742723539385],[81.39074184240877,16.840233335777835],[81.39130518474687,16.84010296774031],[81.39128376596754,16.83997618966258],[81.39166241801789,16.839964187038657],[81.39165470932079,16.839873268685075],[81.39213948708515,16.83984402382362],[81.39218268150317,16.840127991652853],[81.39268646002205,16.840018722701316],[81.3926036749659,16.840326966587636],[81.39269133760922,16.84046189644344],[81.3927571620181,16.840663589883658],[81.39279555154233,16.840822918695412],[81.39276004181596,16.841195847464604],[81.39245666987742,16.84128281652583],[81.39209771040005,16.841385720450106]]]},"properties":{"Id":108,"Lp_number":190,"area":0,"perimeter":0,"LP":null,"LP_Match":null}},
{"type":"Feature","geometry":{"type":"Polygon","coordinates":[[[81.39074184240877,16.840233335777835],[81.39070165420617,16.83850081001679],[81.39087398344171,16.838462149432385],[81.39120255661823,16.838714228020816],[81.39219295631239,16.838733858388075],[81.39239270613133,16.83876691583057],[81.39250611355936,16.83880409816771],[81.39259281180131,16.838830384955884],[81.39264672837525,16.83889475255252],[81.39274727943709,16.83896906364187],[81.39284775941132,16.8390372923046],[81.39291545777861,16.839143601803396],[81.39299629736504,16.8392371118688],[81.39305042770808,16.839319726476543],[81.39311819746563,16.83943211827603],[81.39321303255556,16.839585817328118],[81.39293850330502,16.83981151349816],[81.39268646002205,16.840018722701316],[81.39218268150317,16.840127991652853],[81.39213948708515,16.83984402382362],[81.39165470932079,16.839873268685075],[81.39166241801789,16.839964187038657],[81.39128376596754,16.83997618966258],[81.39130518474687,16.84010296774031],[81.3909801796499,16.840178180256494],[81.39074184240877,16.840233335777835]]]},"properties":{"Id":109,"Lp_number":189,"area":0,"perimeter":0,"LP":null,"LP_Match":null}},
{"type":"Feature","geometry":{"type":"Polygon","coordinates":[[[81.39074184240877,16.840233335777835],[81.39050323589888,16.84028733353935],[81.39037761070225,16.84034202025941],[81.38993303740777,16.840399769496422],[81.38948825064284,16.840439270642634],[81.38916287386408,16.840460896391864],[81.3891451852527,16.84008442334675],[81.38915292702328,16.839609363404858],[81.38916844730085,16.83923130429981],[81.38918105455649,16.838603867632294],[81.38929048241828,16.838300438519095],[81.38932862746722,16.838152558155784],[81.38978161412163,16.838246552569554],[81.39016147123566,16.838337953217835],[81.39070165420617,16.83850081001679],[81.39071900098604,16.839248640807096],[81.39073706185852,16.84002724725465],[81.39074184240877,16.840233335777835]]]},"properties":{"Id":109,"Lp_number":188,"area":0,"perimeter":0,"LP":null,"LP_Match":null}},
{"type":"Feature","geometry":{"type":"Polygon","coordinates":[[[81.39071494567831,16.849643221473663],[81.39066236882678,16.849068345598514],[81.39062462540738,16.848682180703957],[81.39058053492259,16.84846367758845],[81.39041386108629,16.848418388209645],[81.39027209507539,16.848371909016066],[81.39018755856507,16.848246624180952],[81.39015301532473,16.848134165916818],[81.39014329096936,16.84801291501788],[81.39014151374629,16.84786085569894],[81.39024713654213,16.847658023354217],[81.39041962381471,16.847490033277687],[81.39050167162941,16.847402434987586],[81.39050437506563,16.84692305155734],[81.39030764081588,16.84643797969499],[81.39016134447395,16.846003749059594],[81.39015707924493,16.84563880661926],[81.39013007803258,16.844750052467273],[81.39009544665218,16.844629991172862],[81.39054324405625,16.844562959214443],[81.3913061771327,16.844450443931507],[81.39133769759127,16.84430440116181],[81.39162600765628,16.844238138835845],[81.39175181521378,16.84456213119005],[81.391980306405,16.84515056169311],[81.39222176720756,16.845772388277005],[81.39251811568391,16.84653555922502],[81.39265382174533,16.84688503377455],[81.39222730065455,16.84692670419555],[81.39155402263825,16.846992480532272],[81.39131291780149,16.847016034880244],[81.39137810164331,16.847475439613536],[81.39128532656179,16.847498128668477],[81.39143177998179,16.848087538154488],[81.39161122734032,16.84875913075897],[81.39180139789958,16.849553897931816],[81.39146057414116,16.849581318090248],[81.39096941267199,16.84962209548573],[81.39071494567831,16.849643221473663]]]},"properties":{"Id":110,"Lp_number":203,"area":0,"perimeter":0,"LP":null,"LP_Match":null}},
{"type":"Feature","geometry":{"type":"Polygon","coordinates":[[[81.39133769759127,16.84430440116181],[81.3913061771327,16.844450443931507],[81.39112408529965,16.844477298605767],[81.39073709542913,16.844534370824864],[81.39009544665218,16.844629991172862],[81.38996060385819,16.843753994974485],[81.38989000907065,16.843399827741028],[81.38977381617626,16.842697906516236],[81.39079411453415,16.842573100531812],[81.39112732803181,16.843363548476642],[81.39128299359064,16.84388861754567],[81.39133769759127,16.84430440116181]]]},"properties":{"Id":11,"Lp_number":202,"area":0,"perimeter":0,"LP":null,"LP_Match":null}},
{"type":"Feature","geometry":{"type":"Polygon","coordinates":[[[81.39079411453415,16.842573100531812],[81.39080117254167,16.84246626238766],[81.39139760620759,16.84232366352531],[81.39226721464347,16.84209954746939],[81.39244449820222,16.842342115985538],[81.39258133801196,16.842677903178892],[81.3927283487701,16.843172955897998],[81.39292348167687,16.84380492143625],[81.39162600765628,16.844238138835845],[81.39133769759127,16.84430440116181],[81.39128299359064,16.84388861754567],[81.3911900828382,16.843575224502995],[81.3910795281637,16.84325015824206],[81.39096880508627,16.842987501794116],[81.39087482523387,16.84276456286001],[81.39079411453415,16.842573100531812]],[[81.39143143780622,16.84237529790255],[81.39149257688982,16.84263102260754],[81.3917413799921,16.842596315433244],[81.39186644842675,16.842635983991787],[81.39195981934519,16.84280648941505],[81.3922081778952,16.842733766836172],[81.39243957581158,16.842631425377743],[81.39240343135216,16.84238211402857],[81.39230184688878,16.842219608408026],[81.39220204130906,16.84220916208446],[81.3918458422909,16.84229464367501],[81.39162194655042,16.842328161142767],[81.39143143780622,16.84237529790255]]]},"properties":{"Id":112,"Lp_number":213,"area":0,"perimeter":0,"LP":null,"LP_Match":null}},
{"type":"Feature","geometry":{"type":"Polygon","coordinates":[[[81.3915695542555,16.84211005470655],[81.39107319361544,16.842285909883344],[81.39071672727418,16.842348580620552],[81.39068316249671,16.842319755029692],[81.39048141857815,16.842116389483852],[81.39017067891943,16.841826943260063],[81.39010838682076,16.84147237947895],[81.39061601543351,16.841407814428596],[81.3906507176067,16.841533958054],[81.39114792323512,16.84137467454251],[81.39161072372086,16.84122641165901],[81.39162208687183,16.841061552952905],[81.39202602772384,16.84093879771586],[81.39209771040005,16.841385720450106],[81.39222736827497,16.84178818839169],[81.3919478143681,16.84178008875267],[81.39193254365044,16.841894926518847],[81.3919926161101,16.842059415460085],[81.3915695542555,16.84211005470655]]]},"properties":{"Id":113,"Lp_number":192,"area":0,"perimeter":0,"LP":null,"LP_Match":null}},
{"type":"Feature","geometry":{"type":"Polygon","coordinates":[[[81.38914700917154,16.841662833153098],[81.38945366107009,16.841602544283305],[81.38988484706371,16.8415363069254],[81.39010838682076,16.841472379479015],[81.39017067891943,16.841826943260063],[81.39043882133768,16.842076711300763],[81.39071672727418,16.84234858062062],[81.39033615346811,16.84248086714433],[81.38989621897149,16.84250948717325],[81.38959813460222,16.84259218911083],[81.38947280015674,16.84252971024747],[81.38931381237518,16.842430802516265],[81.3892461503088,16.842327533034712],[81.38915358136131,16.842225453057424],[81.38909422177024,16.84212178701136],[81.38909182386806,16.841916506775505],[81.38914700917154,16.841662833153098]]]},"properties":{"Id":114,"Lp_number":193,"area":0,"perimeter":0,"LP":null,"LP_Match":null}},
{"type":"Feature","geometry":{"type":"Polygon","coordinates":[[[81.38914700917154,16.841662833153098],[81.38927806950969,16.84150442953975],[81.38922168345086,16.84094418867798],[81.38916287386408,16.840460896391864],[81.389715847898,16.840419058040045],[81.39037761070225,16.84034202025941],[81.39065107881528,16.840253876036872],[81.39074184240877,16.840233335777835],[81.39090728909345,16.840742723539385],[81.39093297411554,16.841234444215004],[81.39061601543351,16.841407814428596],[81.39010838682076,16.841472379479015],[81.38980207196704,16.841549022633977],[81.38945366107009,16.841602544283372],[81.38914700917154,16.841662833153098]]]},"properties":{"Id":115,"Lp_number":191,"area":0,"perimeter":0,"LP":null,"LP_Match":null}},
{"type":"Feature","geometry":{"type":"Polygon","coordinates":[[[81.3776828368787,16.853261002908905],[81.377386762338,16.85351855596747],[81.3771907630415,16.85380937109357],[81.37697029625228,16.854139389007916],[81.37692145076555,16.85422539792032],[81.37679408082975,16.853988042963827],[81.37649703277273,16.853446886010133],[81.37622003624054,16.853201452774776],[81.37595973437351,16.85296283015544],[81.37573237954544,16.852699814345257],[81.37582335732206,16.852665046669486],[81.37601326237007,16.852564703290966],[81.376145135901,16.852474734674473],[81.37611766658438,16.852255436225455],[81.37673993437446,16.852187721056257],[81.37677420552853,16.85227737274233],[81.37680918339302,16.852427848255555],[81.37683550516535,16.852548307863565],[81.37689344812173,16.852530329755073],[81.3769933467922,16.852548386396084],[81.37701154405143,16.853399523973216],[81.37715278069946,16.85340039442441],[81.37727688153717,16.853356438989127],[81.37758240757444,16.85319732874729],[81.3776828368787,16.853261002908905]]]},"properties":{"Id":116,"Lp_number":107,"area":0,"perimeter":0,"LP":null,"LP_Match":null}},
{"type":"Feature","geometry":{"type":"Polygon","coordinates":[[[81.37758240757444,16.85319732874729],[81.37736235823793,16.853311924954998],[81.37715278069946,16.85340039442441],[81.37701154405143,16.853399523973216],[81.3769933467922,16.852548386396084],[81.37701701840122,16.85244075660926],[81.37719914988119,16.85238642604912],[81.3774394008097,16.8523293230257],[81.37770491344034,16.852301443472598],[81.37781258460281,16.852273485791795],[81.37784800516489,16.852461976001365],[81.37785012619935,16.852644447470496],[81.37792653066654,16.852785339480032],[81.37800267009932,16.852903422524516],[81.37801203351759,16.852994262185177],[81.37790577605139,16.853143867614904],[81.3776828368787,16.853261002908905],[81.37758240757444,16.85319732874729]]]},"properties":{"Id":117,"Lp_number":105,"area":0,"perimeter":0,"LP":null,"LP_Match":null}},
{"type":"Feature","geometry":{"type":"Polygon","coordinates":[[[81.37801203351759,16.852994262185177],[81.37800267009932,16.852903422524516],[81.37792653066654,16.852785339480032],[81.37785012619935,16.852644447470496],[81.37784026899837,16.85242080809391],[81.37781258460281,16.852273485791795],[81.37823231440704,16.851933961252563],[81.37865301518853,16.85167806862733],[81.3792727154996,16.851389859493235],[81.37938921926475,16.851407122741367],[81.37953990690863,16.851506434153563],[81.37959290742948,16.8517777645257],[81.3786545256935,16.852522395192345],[81.37801203351759,16.852994262185177]]]},"properties":{"Id":118,"Lp_number":103,"area":0,"perimeter":0,"LP":null,"LP_Match":null}},
{"type":"Feature","geometry":{"type":"Polygon","coordinates":[[[81.37959290742948,16.8517777645257],[81.37956545218492,16.85163721050705],[81.37953990690863,16.851506434153563],[81.37938921926475,16.851407122741435],[81.3792727154996,16.851389859493235],[81.37927898431263,16.851214594903276],[81.37931042661133,16.85106095088632],[81.37938400153986,16.850958547098383],[81.37955685529751,16.85082097785413],[81.37977060322424,16.85062820694648],[81.37998452763517,16.850450641774927],[81.3801002347075,16.850399477840863],[81.38021567631249,16.850325504912714],[81.38036450555194,16.850265153232627],[81.38045592367087,16.850268398417697],[81.38072355662327,16.85042298644736],[81.38073292118959,16.850513825981768],[81.38038871979974,16.850918216863292],[81.38001183675242,16.851369809631137],[81.37959290742948,16.8517777645257]]]},"properties":{"Id":118,"Lp_number":101,"area":0,"perimeter":0,"LP":null,"LP_Match":null}},
{"type":"Feature","geometry":{"type":"Polygon","coordinates":[[[81.37573237954544,16.852699814345257],[81.37449103212833,16.851678791618728],[81.37477350292131,16.85168053594541],[81.3750310653938,16.851683467724637],[81.37527917755159,16.85158795637491],[81.37549407840375,16.85149402859282],[81.37575172890655,16.851504562453858],[81.37602519023586,16.85144587718974],[81.37626535205361,16.85138117257145],[81.37637293461026,16.851345612669046],[81.3764168329569,16.85154891313476],[81.37644386090159,16.851730196652827],[81.37649570891413,16.851902689166366],[81.37649747534715,16.852054748765966],[81.3765334296305,16.85221019311274],[81.37637318191243,16.85222763128597],[81.37620687668655,16.85224572850239],[81.37611766658438,16.852255436225455],[81.376145135901,16.852474734674473],[81.37601326237007,16.852564703290966],[81.37582335732206,16.852665046669486],[81.37573237954544,16.852699814345257]]]},"properties":{"Id":119,"Lp_number":108,"area":0,"perimeter":0,"LP":null,"LP_Match":null}},
{"type":"Feature","geometry":{"type":"Polygon","coordinates":[[[81.37637293461026,16.851345612669046],[81.37653015699239,16.851292470714487],[81.3764844038721,16.85092950767409],[81.37646665025412,16.850831460932028],[81.3766733352479,16.850745530921788],[81.37687224733833,16.850705614609605],[81.37708688135112,16.85058887624635],[81.37731820887561,16.850478948567346],[81.37763300502876,16.850403075040504],[81.37784004250172,16.850347555790265],[81.37808903527902,16.850328070888686],[81.37814945223289,16.850522975853398],[81.37821313969455,16.850999191005883],[81.37842061961587,16.85098168605583],[81.37866864066945,16.850878567676446],[81.37875997066016,16.850874210633332],[81.37872225862492,16.851203119163646],[81.37865301518853,16.85167806862733],[81.37838337470114,16.85184207851238],[81.3781388489312,16.852009566789654],[81.3779028771206,16.85220044725045],[81.37781258460281,16.852273485791795],[81.37759023678929,16.852313484877996],[81.3774394008097,16.8523293230257],[81.37727695065438,16.85236793433661],[81.37701701840122,16.85244075660926],[81.3769933467922,16.852548386396084],[81.37683550516535,16.852548307863565],[81.37680918339302,16.852427848255555],[81.37673993437446,16.852187721056325],[81.3765334296305,16.852210193112807],[81.37649650380831,16.851971115986483],[81.37644386090159,16.851730196652827],[81.37637293461026,16.851345612669046]]]},"properties":{"Id":120,"Lp_number":109,"area":0,"perimeter":0,"LP":null,"LP_Match":null}},
{"type":"Feature","geometry":{"type":"Polygon","coordinates":[[[81.37449103212833,16.851678791618728],[81.3746214209934,16.850029420563285],[81.37509441012932,16.849984043131993],[81.37540938297961,16.849923378976502],[81.37567498090183,16.84990310508722],[81.37599869759865,16.849880058973568],[81.37628902682813,16.849843390373987],[81.37653819578755,16.84983911332599],[81.37657449780883,16.85010363364779],[81.37657811903323,16.850415355875647],[81.3766733352479,16.850745530921788],[81.37646665025412,16.850831460932028],[81.37653015699239,16.851292470714554],[81.37637293461026,16.851345612669046],[81.37612665187837,16.851418541339967],[81.37588882420833,16.85147514161996],[81.37575172890655,16.851504562453858],[81.37549407840375,16.85149402859289],[81.37527917755159,16.851587956374978],[81.3750310653938,16.851683467724637],[81.37477350292131,16.85168053594541],[81.37468437851633,16.851679985622248],[81.37449103212833,16.851678791618728]]]},"properties":{"Id":121,"Lp_number":110,"area":0,"perimeter":0,"LP":null,"LP_Match":null}},
{"type":"Feature","geometry":{"type":"Polygon","coordinates":[[[81.37865301518853,16.85167806862733],[81.37875997066016,16.850874210633332],[81.37915717507396,16.850741152943403],[81.37914400894931,16.850323385277758],[81.37935864109102,16.850206644571468],[81.3793490118983,16.850092996024326],[81.37937100165317,16.849840909391855],[81.37927781515168,16.84968560415498],[81.3792338258078,16.849474701338956],[81.37967183269552,16.849278838298424],[81.37969824423867,16.849406900526148],[81.37975875096583,16.849609407984907],[81.37990582279332,16.850112073107457],[81.37998452763517,16.850450641774927],[81.37962104801119,16.850763085016528],[81.37931042661133,16.85106095088632],[81.37927898431263,16.851214594903276],[81.3792727154996,16.851389859493235],[81.37905411622707,16.851491525571152],[81.37887472208149,16.851574957887788],[81.37865301518853,16.85167806862733]]]},"properties":{"Id":124,"Lp_number":113,"area":0,"perimeter":0,"LP":null,"LP_Match":null}},
{"type":"Feature","geometry":{"type":"Polygon","coordinates":[[[81.37998452763517,16.850450641774927],[81.37990582279332,16.850112073107457],[81.37978608447199,16.849702829224185],[81.37967183269552,16.849278838298424],[81.38003582254,16.849147363493323],[81.38042427741776,16.84897668467905],[81.38073032468986,16.84886318774255],[81.38111136073348,16.84876893359055],[81.38113910070761,16.849011040268536],[81.38127619132794,16.849369644020953],[81.38132283823708,16.849808635627024],[81.3811579353501,16.849915398231808],[81.38092016654423,16.850185388862826],[81.38072355662327,16.850422986447423],[81.38059364455282,16.850347947740488],[81.38045592367087,16.850268398417697],[81.38021567631249,16.85032550491278],[81.37998452763517,16.850450641774927]]]},"properties":{"Id":125,"Lp_number":114,"area":0,"perimeter":0,"LP":null,"LP_Match":null}},
{"type":"Feature","geometry":{"type":"Polygon","coordinates":[[[81.38132283823708,16.849808635627024],[81.38129996208974,16.849593349691606],[81.38127619132794,16.84936964402102],[81.38122992318439,16.849248615267275],[81.38113910070761,16.849011040268536],[81.38111136073348,16.84876893359055],[81.38124322919222,16.848678961767344],[81.38146624929905,16.848569425683714],[81.38181451655986,16.84851476993715],[81.38215474662591,16.848483318762277],[81.38226338895593,16.84853899152365],[81.381480411965,16.849785901828273],[81.38132283823708,16.849808635627024]]]},"properties":{"Id":126,"Lp_number":99,"area":0,"perimeter":0,"LP":null,"LP_Match":null}},
{"type":"Feature","geometry":{"type":"Polygon","coordinates":[[[81.38226338895593,16.84853899152365],[81.38215474662591,16.848483318762277],[81.38199624183324,16.84849797116001],[81.38165196590843,16.848540280098828],[81.38139919428316,16.848602359720584],[81.38141498220915,16.8470200031896],[81.38155603704247,16.847005664752164],[81.3816963836717,16.846930502399896],[81.38262617996163,16.846878521580468],[81.38358141484389,16.84687096554742],[81.38280967857906,16.848368382679862],[81.38226338895593,16.84853899152365]]]},"properties":{"Id":125,"Lp_number":161,"area":0,"perimeter":0,"LP":null,"LP_Match":null}},
{"type":"Feature","geometry":{"type":"Polygon","coordinates":[[[81.38045545303147,16.848800231547216],[81.38040315999264,16.848589725149214],[81.38021553515233,16.847457597711237],[81.38072914429901,16.847334196889864],[81.38107634756815,16.847188306694903],[81.38141498220915,16.8470200031896],[81.38139919428316,16.848602359720584],[81.38111136073348,16.84876893359055],[81.38073032468986,16.84886318774255],[81.38042427741776,16.84897668467905],[81.38045545303147,16.848800231547216]]]},"properties":{"Id":126,"Lp_number":115,"area":0,"perimeter":0,"LP":null,"LP_Match":null}},
{"type":"Feature","geometry":{"type":"Polygon","coordinates":[[[81.37967183269552,16.849278838298424],[81.37971987968453,16.84912440193804],[81.37962536662724,16.848855052171277],[81.37949454806208,16.848321182587913],[81.37938086602891,16.84783213851828],[81.3793201834504,16.84761442493411],[81.37965175606607,16.847552962127576],[81.38000832463749,16.847497913337364],[81.38021553515233,16.847457597711237],[81.38034444569995,16.848235444950586],[81.38045545303147,16.848800231547216],[81.38042427741776,16.84897668467905],[81.3801535948681,16.849095616945743],[81.37988709375789,16.84920108511262],[81.37967183269552,16.849278838298424]]]},"properties":{"Id":127,"Lp_number":116,"area":0,"perimeter":0,"LP":null,"LP_Match":null}},
{"type":"Feature","geometry":{"type":"Polygon","coordinates":[[[81.37857173420065,16.84968886093816],[81.37852986035097,16.848945353301772],[81.37850785610847,16.847767287457433],[81.3793201834504,16.84761442493411],[81.37936013848027,16.847757773431734],[81.37944813343044,16.848121513719306],[81.37959036401563,16.848712207093868],[81.37971987968453,16.84912440193804],[81.37967183269552,16.849278838298424],[81.3792338258078,16.849474701338956],[81.37887009999714,16.84962898367791],[81.37857173420065,16.84968886093816]]]},"properties":{"Id":128,"Lp_number":117,"area":0,"perimeter":0,"LP":null,"LP_Match":null}},
{"type":"Feature","geometry":{"type":"Polygon","coordinates":[[[81.37784004250172,16.850347555790265],[81.37787855129622,16.850087074184817],[81.37788535162355,16.849957427468922],[81.3780085662621,16.84983744182789],[81.37823247353016,16.84980393900065],[81.37857173420065,16.84968886093816],[81.37901237158049,16.849568636148366],[81.3792338258078,16.849474701338956],[81.37927781515168,16.84968560415505],[81.37937100165317,16.849840909391855],[81.37935864109102,16.850206644571468],[81.37914400894931,16.850323385277758],[81.37915717507396,16.850741152943403],[81.37875997066016,16.850874210633332],[81.37866864066945,16.850878567676446],[81.37851327119097,16.850943164856755],[81.37842061961587,16.85098168605583],[81.37821313969455,16.850999191005883],[81.37819017222532,16.850827454884985],[81.37816587335736,16.85064576304018],[81.3781231187587,16.850438024175162],[81.37808903527902,16.850328070888754],[81.37798098181672,16.85033652663765],[81.37784004250172,16.850347555790265]]]},"properties":{"Id":129,"Lp_number":112,"area":0,"perimeter":0,"LP":null,"LP_Match":null}},
{"type":"Feature","geometry":{"type":"Polygon","coordinates":[[[81.37653819578755,16.84983911332599],[81.37680282179997,16.849735205186875],[81.37689476964546,16.849784069851783],[81.37693716642953,16.849858119556146],[81.37711099279397,16.84980418513195],[81.37741775031259,16.84975151692197],[81.37760835851812,16.849711995957968],[81.37782396304212,16.849678889626393],[81.37799823086888,16.84966296935808],[81.3780085662621,16.84983744182789],[81.37788535162355,16.849957427468922],[81.37787855129622,16.850087074184817],[81.37784004250172,16.850347555790265],[81.37763300502876,16.850403075040504],[81.37749689956212,16.850435879833704],[81.37731820887561,16.850478948567346],[81.37708688135112,16.85058887624635],[81.37687224733833,16.85070561460967],[81.3766733352479,16.850745530921788],[81.3766285275749,16.85059015443714],[81.37657811903323,16.850415355875647],[81.3765762642569,16.85025569327234],[81.37657449780883,16.85010363364779],[81.37655720972549,16.84997766144172],[81.37653819578755,16.84983911332599]]]},"properties":{"Id":130,"Lp_number":111,"area":0,"perimeter":0,"LP":null,"LP_Match":null}},
{"type":"Feature","geometry":{"type":"Polygon","coordinates":[[[81.37766519103897,16.849703269279782],[81.3776473826624,16.849255198798378],[81.37762858455521,16.848781406477144],[81.37750697429907,16.84803865934617],[81.37782459252878,16.84792005047676],[81.37850785610847,16.847767287457433],[81.37857173420065,16.84968886093816],[81.37823247353016,16.84980393900065],[81.3780085662621,16.84983744182789],[81.37799823086888,16.849662969358146],[81.37782396304212,16.849678889626393],[81.37766519103897,16.849703269279782]]]},"properties":{"Id":131,"Lp_number":118,"area":0,"perimeter":0,"LP":null,"LP_Match":null}},
{"type":"Feature","geometry":{"type":"Polygon","coordinates":[[[81.37693716642953,16.849858119556146],[81.37680282179997,16.849735205186942],[81.37661283621965,16.84830039600703],[81.37750697429907,16.84803865934617],[81.37757706295092,16.84846673375783],[81.37762858455521,16.848781406477144],[81.37766519103897,16.849703269279782],[81.37746243191448,16.849742252595338],[81.3773208099682,16.849768160982],[81.37711099279397,16.84980418513202],[81.37693716642953,16.849858119556146]]]},"properties":{"Id":132,"Lp_number":119,"area":0,"perimeter":0,"LP":null,"LP_Match":null}},
{"type":"Feature","geometry":{"type":"Polygon","coordinates":[[[81.37567498090183,16.84990310508722],[81.37561107668914,16.84902369300907],[81.37556599774769,16.848575497027834],[81.37607623913063,16.848447704336245],[81.37661283621965,16.84830039600703],[81.37666750777012,16.848713288953647],[81.37675417587378,16.84936782366972],[81.37680282179997,16.849735205186942],[81.37653819578755,16.84983911332599],[81.37612315646822,16.849864339862602],[81.37587319535413,16.84988899381944],[81.37567498090183,16.84990310508722]]]},"properties":{"Id":133,"Lp_number":120,"area":0,"perimeter":0,"LP":null,"LP_Match":null}},
{"type":"Feature","geometry":{"type":"Polygon","coordinates":[[[81.3746214209934,16.850029420563285],[81.37462310046266,16.848644806117587],[81.37512132947467,16.84862713224349],[81.37556599774769,16.848575497027834],[81.37562069321604,16.849156030582577],[81.37564942177008,16.849551376525323],[81.37567498090183,16.84990310508722],[81.37526100809262,16.8499519562257],[81.37498422023317,16.849994614582716],[81.37479223717229,16.85001303300106],[81.3746214209934,16.850029420563285]]]},"properties":{"Id":134,"Lp_number":121,"area":0,"perimeter":0,"LP":null,"LP_Match":null}},
{"type":"Feature","geometry":{"type":"Polygon","coordinates":[[[81.37462310046266,16.848644806117587],[81.37420599586875,16.848208264589474],[81.3736616351457,16.847686503855183],[81.37315663597751,16.847120264701807],[81.3731824282219,16.847052091633383],[81.37356109620909,16.847040122089442],[81.37411281051988,16.847050329029482],[81.37421180618513,16.846990836634177],[81.37427808558508,16.846975504568018],[81.37441064435158,16.84694484037215],[81.37453641984214,16.846902328051804],[81.37468876347766,16.846858548684914],[81.3748211808946,16.846815719448884],[81.37486880483347,16.846910820431056],[81.37495083934195,16.847107738248692],[81.37501210056892,16.84723261762978],[81.37506078380905,16.84741895438199],[81.37519963175865,16.847357560978516],[81.37531784727743,16.847236293894763],[81.37559596638867,16.847150000980534],[81.37574774493491,16.84705756172807],[81.37592595027053,16.846951690459782],[81.37624286130234,16.84677226016742],[81.37641308069668,16.84712320110783],[81.37646600436062,16.84767448070473],[81.37661283621965,16.84830039600703],[81.37628838047578,16.848389466817622],[81.37601584391884,16.848462830715913],[81.37579059266727,16.848519246202155],[81.37556599774769,16.848575497027834],[81.37536454748806,16.848598889706658],[81.37512132947467,16.84862713224349],[81.3749021476896,16.848634907514686],[81.37474318553217,16.84864054640341],[81.37462310046266,16.848644806117587]]]},"properties":{"Id":135,"Lp_number":122,"area":0,"perimeter":0,"LP":null,"LP_Match":null}},
{"type":"Feature","geometry":{"type":"Polygon","coordinates":[[[81.37661283621965,16.84830039600703],[81.37646600436062,16.84767448070473],[81.37641308069668,16.847123201107898],[81.37665212402975,16.847105713819886],[81.37695709317805,16.847042481394773],[81.37737497693891,16.846973862442326],[81.3777530081107,16.84690714370139],[81.37778459550888,16.847337725709984],[81.37782459252878,16.84792005047676],[81.37750697429907,16.84803865934617],[81.37703867546452,16.84817574274352],[81.37661283621965,16.84830039600703]]]},"properties":{"Id":135,"Lp_number":126,"area":0,"perimeter":0,"LP":null,"LP_Match":null}},
{"type":"Feature","geometry":{"type":"Polygon","coordinates":[[[81.37782459252878,16.84792005047676],[81.37778459550888,16.847337725709984],[81.37799071145618,16.847346150616687],[81.37816948141449,16.84728893650513],[81.37833461359759,16.847201944037433],[81.37843431511816,16.847203273481593],[81.37891861913528,16.847131482738],[81.37942277815652,16.847052657787234],[81.37988729676098,16.84699398022769],[81.37993104091949,16.847326609847592],[81.37995894795827,16.847505536387985],[81.37973031787038,16.847540833429914],[81.3795144020698,16.847578423172273],[81.3793201834504,16.84761442493411],[81.3791165970523,16.8476527358366],[81.37889279177945,16.847694851278487],[81.37865807712733,16.847739019354584],[81.37850785610847,16.847767287457433],[81.37832101323704,16.847809061748393],[81.3781934049595,16.847837592273073],[81.3779585948315,16.847890090646075],[81.37782459252878,16.84792005047676]]]},"properties":{"Id":136,"Lp_number":127,"area":0,"perimeter":0,"LP":null,"LP_Match":null}},
{"type":"Feature","geometry":{"type":"Polygon","coordinates":[[[81.38000832463749,16.847497913337364],[81.37995894795827,16.847505536387985],[81.37990964756158,16.84716393538426],[81.37988729676098,16.84699398022769],[81.37988503243517,16.846799343950398],[81.3798227775785,16.846589312705515],[81.37977267481217,16.84628132947514],[81.37971126930545,16.846144286791546],[81.37954323799691,16.84598190258061],[81.37954782830376,16.84580519652784],[81.37949150869966,16.845534024400422],[81.37995602358433,16.845475346752355],[81.38026819708178,16.84546045163525],[81.38067265050395,16.845380295130617],[81.3808057733488,16.845398285913475],[81.38088012174232,16.8460763434433],[81.38103622820944,16.84692698662384],[81.38107634756815,16.847188306694903],[81.38091872727294,16.847254536746213],[81.38072914429901,16.847334196889864],[81.38050313545536,16.84738849843072],[81.38021553515233,16.847457597711237],[81.38008559380489,16.84748287959552],[81.38000832463749,16.847497913337364]]]},"properties":{"Id":136,"Lp_number":129,"area":0,"perimeter":0,"LP":null,"LP_Match":null}},
{"type":"Feature","geometry":{"type":"Polygon","coordinates":[[[81.38107634756815,16.847188306694903],[81.38106507025898,16.847114851281983],[81.38103622820944,16.84692698662384],[81.38098033172959,16.846622400836246],[81.38088012174232,16.8460763434433],[81.3808057733488,16.845398285913475],[81.38129699696829,16.845350502251726],[81.38158966904561,16.84537305029513],[81.38163051234021,16.84545630186029],[81.38167863500311,16.845593977892147],[81.38170048783907,16.846329312228782],[81.3816963836717,16.846930502399896],[81.38155603704247,16.847005664752228],[81.38141498220915,16.8470200031896],[81.38107634756815,16.847188306694903]]]},"properties":{"Id":137,"Lp_number":180,"area":0,"perimeter":0,"LP":null,"LP_Match":null}},
{"type":"Feature","geometry":{"type":"Polygon","coordinates":[[[81.3816963836717,16.846930502399896],[81.38170048783907,16.846329312228782],[81.38307467587082,16.84620287117924],[81.38349298056482,16.84617073413381],[81.38349142132559,16.846036921761744],[81.38390357978027,16.846047677577246],[81.38342091376789,16.846872235442596],[81.38253111100522,16.846883836661913],[81.3816963836717,16.846930502399896]]]},"properties":{"Id":138,"Lp_number":185,"area":0,"perimeter":0,"LP":null,"LP_Match":null}},
{"type":"Feature","geometry":{"type":"Polygon","coordinates":[[[81.38390357978027,16.846047677577246],[81.38369723422825,16.846042292823086],[81.38349142132559,16.846036921761744],[81.38346525846374,16.845502623334124],[81.38404353619248,16.845511535562125],[81.38432505181018,16.84571718518555],[81.3842863342738,16.84581640558321],[81.38415590488425,16.84602954751048],[81.38390357978027,16.846047677577246]]]},"properties":{"Id":138,"Lp_number":164,"area":0,"perimeter":0,"LP":null,"LP_Match":null}},
{"type":"Feature","geometry":{"type":"Polygon","coordinates":[[[81.38163051234021,16.84545630186029],[81.38210901853047,16.845457809249414],[81.38285313315397,16.84544055307468],[81.38320622112393,16.845514987176337],[81.38346525846374,16.845502623334124],[81.38349142132559,16.846036921761744],[81.38349298056482,16.84617073413381],[81.38307467587082,16.84620287117924],[81.38259685067821,16.846246837633938],[81.38213387130051,16.84628943699232],[81.38170048783907,16.846329312228782],[81.38169144227393,16.846024935537425],[81.38167863500311,16.845593977892147],[81.38163051234021,16.84545630186029]]]},"properties":{"Id":139,"Lp_number":166,"area":0,"perimeter":0,"LP":null,"LP_Match":null}},
{"type":"Feature","geometry":{"type":"Polygon","coordinates":[[[81.37624286130234,16.84677226016742],[81.37623506698708,16.846530317369666],[81.37653961162131,16.846287575950512],[81.37733126541308,16.845785776121705],[81.37735846998466,16.845982265586454],[81.37831157985185,16.84579226257598],[81.37834064156829,16.846148414514847],[81.37837182475144,16.846687037995462],[81.37829754377829,16.846728617587438],[81.37843431511816,16.847203273481593],[81.37833461359759,16.847201944037433],[81.37816948141449,16.84728893650513],[81.37799071145618,16.847346150616687],[81.37778459550888,16.847337725709984],[81.3777530081107,16.846907143701458],[81.37737497693891,16.846973862442326],[81.37695709317805,16.847042481394773],[81.37665212402975,16.847105713819886],[81.37641308069668,16.847123201107898],[81.37629098435254,16.84687147550145],[81.37624286130234,16.84677226016742]]]},"properties":{"Id":140,"Lp_number":125,"area":0,"perimeter":0,"LP":null,"LP_Match":null}},
{"type":"Feature","geometry":{"type":"Polygon","coordinates":[[[81.37831157985185,16.84579226257598],[81.37877554768019,16.845686449091495],[81.37934762424531,16.845590691051463],[81.37949150869966,16.845534024400422],[81.37954782830376,16.84580519652791],[81.37954323799691,16.84598190258061],[81.37971126930545,16.846144286791613],[81.37977267481217,16.84628132947514],[81.3798227775785,16.846589312705515],[81.37988503243517,16.84679934395046],[81.37988729676098,16.84699398022769],[81.37942277815652,16.847052657787234],[81.37891861913528,16.847131482738],[81.37843431511816,16.847203273481593],[81.37829754377829,16.846728617587438],[81.37837182475144,16.846687037995462],[81.37834064156829,16.846148414514914],[81.37831157985185,16.84579226257598]]]},"properties":{"Id":141,"Lp_number":128,"area":0,"perimeter":0,"LP":null,"LP_Match":null}},
{"type":"Feature","geometry":{"type":"Polygon","coordinates":[[[81.3731824282219,16.847052091633383],[81.37315663597751,16.84712026470187],[81.37309139773625,16.846938875483154],[81.37314466578471,16.846517940083256],[81.37327124546614,16.845971794017846],[81.37337406338729,16.845525674337672],[81.37446946483041,16.845427798050622],[81.37515062285674,16.845425743533358],[81.375215001133,16.846677860539597],[81.3748211808946,16.846815719448884],[81.37427808558508,16.846975504568018],[81.37411281051988,16.84705032902955],[81.37379674792768,16.847044481924073],[81.37356109620909,16.847040122089442],[81.3731824282219,16.847052091633383]]]},"properties":{"Id":142,"Lp_number":123,"area":0,"perimeter":0,"LP":null,"LP_Match":null}},
{"type":"Feature","geometry":{"type":"Polygon","coordinates":[[[81.375215001133,16.846677860539597],[81.37519587953732,16.84630595962399],[81.37518032161074,16.84600336812928],[81.3751631201112,16.845668808850096],[81.37515062285674,16.845425743533426],[81.37525829055616,16.845397787244348],[81.37525705486912,16.845291345433832],[81.37540623493447,16.845261409312553],[81.37550480555345,16.845165421975842],[81.37564550643522,16.84512067567077],[81.375777728199,16.845061119269786],[81.37603378070453,16.844934799212304],[81.3762658084867,16.84488569667039],[81.37639484929589,16.845267509018655],[81.37661866321113,16.845226405054376],[81.37695023265174,16.845164946663363],[81.37722341948749,16.845083451004527],[81.3773162486171,16.845208345386748],[81.3774038676007,16.845599740190874],[81.377321195979,16.84563411248328],[81.37733126541308,16.845785776121705],[81.37701948760007,16.845983401131374],[81.37668690348194,16.846194213559297],[81.37637425297433,16.84641937742818],[81.37623506698708,16.846530317369666],[81.37624286130234,16.84677226016742],[81.37599917526691,16.84691023163375],[81.37567492963203,16.847101909207638],[81.37548501030469,16.84718442773717],[81.37531784727743,16.847236293894763],[81.37519963175865,16.847357560978516],[81.37506078380905,16.84741895438199],[81.37501210056892,16.84723261762978],[81.37495083934195,16.847107738248692],[81.37486880483347,16.846910820431056],[81.3748211808946,16.846815719448884],[81.37494907755539,16.84677094863372],[81.37513552984309,16.84670567997207],[81.375215001133,16.846677860539597]],[[81.37653961162131,16.846287575950512],[81.3766786349647,16.846098372231552],[81.37695897745746,16.845917642101714],[81.37718137854567,16.845754889772348],[81.37718853262109,16.84565565495405],[81.37716910073465,16.845413151524145],[81.37711804904848,16.845309085906617],[81.37700093087524,16.845238600389223],[81.37674426037434,16.84531170075201],[81.37652954370927,16.845420835716304],[81.37642275929845,16.845524822517667],[81.37637559354754,16.845755288044042],[81.37635360017306,16.8460073745263],[81.37630431488108,16.846055368400258],[81.37610531919937,16.846087681099814],[81.37595710982619,16.846201250572474],[81.37580942999548,16.846360437850716],[81.37580271661477,16.846497687554013],[81.3759713280022,16.846710254571803],[81.37610266776475,16.846574668105227],[81.37653961162131,16.846287575950512]]]},"properties":{"Id":143,"Lp_number":124,"area":0,"perimeter":0,"LP":null,"LP_Match":null}},
{"type":"Feature","geometry":{"type":"Polygon","coordinates":[[[81.3762658084867,16.84488569667039],[81.37617280359952,16.84474559582072],[81.37607776806452,16.844430626244613],[81.37595800211365,16.8441320505164],[81.37633152360024,16.844106628190463],[81.37711195263778,16.84406940338135],[81.37764295493939,16.844013645198498],[81.37779187220139,16.844675974972347],[81.37794087891777,16.84534590755786],[81.37806014873655,16.845842385981033],[81.37780205286856,16.845893837674208],[81.37753048731113,16.845947974185723],[81.37735846998466,16.845982265586454],[81.37733126541308,16.845785776121705],[81.377321195979,16.84563411248328],[81.3774038676007,16.845599740190874],[81.37736580766786,16.84542972633539],[81.3773162486171,16.845208345386748],[81.37722341948749,16.845083451004527],[81.3770952318484,16.845121691320067],[81.37695023265174,16.845164946663363],[81.37673823901325,16.84520424102602],[81.37661866321113,16.845226405054376],[81.37639484929589,16.845267509018722],[81.37632663020311,16.845065659191697],[81.3762658084867,16.84488569667039]]]},"properties":{"Id":144,"Lp_number":133,"area":0,"perimeter":0,"LP":null,"LP_Match":null}},
{"type":"Feature","geometry":{"type":"Polygon","coordinates":[[[81.37454162311694,16.8454275805129],[81.3742296811851,16.845449223701287],[81.37377533430177,16.845489820676157],[81.3734354209583,16.845520192074158],[81.37339977734597,16.844877836784324],[81.37342009894927,16.84448129371834],[81.3735535679535,16.84381310370298],[81.37369710243826,16.843296577490275],[81.37378789974538,16.843246604787623],[81.37396198569,16.84321548206771],[81.37425345210418,16.84327765538116],[81.37447805826774,16.843304980681854],[81.37471149633348,16.84337752774058],[81.37467377849134,16.84370643587726],[81.37467085858097,16.844170614085424],[81.37455496882251,16.844921645752226],[81.37454162311694,16.8454275805129]]]},"properties":{"Id":145,"Lp_number":138,"area":0,"perimeter":0,"LP":null,"LP_Match":null}},
{"type":"Feature","geometry":{"type":"Polygon","coordinates":[[[81.37454162311694,16.8454275805129],[81.37454871996853,16.845158539568406],[81.37455496882251,16.844921645752226],[81.37459229793939,16.844679732419404],[81.37462713915471,16.844453941538706],[81.37467085858097,16.844170614085424],[81.37467377849134,16.84370643587726],[81.37471149633348,16.84337752774058],[81.3748695951267,16.843400417024313],[81.37514472203493,16.843486189890147],[81.37537754270177,16.843505515266447],[81.37560135479761,16.84346441244139],[81.37584291930709,16.843521356262723],[81.37589485266813,16.843701452108384],[81.37595800211365,16.8441320505164],[81.37599281155421,16.844218830330455],[81.37607776806452,16.844430626244613],[81.37617280359952,16.84474559582072],[81.3762658084867,16.84488569667039],[81.37603378070453,16.844934799212304],[81.37586408658683,16.84501851557551],[81.37564550643522,16.84512067567077],[81.37550480555345,16.845165421975842],[81.37540623493447,16.845261409312553],[81.37525705486912,16.845291345433832],[81.37525829055616,16.845397787244348],[81.37509685786358,16.84542590578213],[81.3747827571056,16.84542685337526],[81.37454162311694,16.8454275805129]]]},"properties":{"Id":146,"Lp_number":135,"area":0,"perimeter":0,"LP":null,"LP_Match":null}},
{"type":"Feature","geometry":{"type":"Polygon","coordinates":[[[81.37584291930709,16.843521356262723],[81.37638239954879,16.84348041136092],[81.37746241943027,16.84348975314041],[81.37753095913683,16.843669056465167],[81.37764295493939,16.844013645198498],[81.37736557342937,16.844042771968475],[81.37654738698804,16.844096332262836],[81.37595800211365,16.8441320505164],[81.37591627902232,16.84384755266461],[81.37584291930709,16.843521356262723]]]},"properties":{"Id":147,"Lp_number":134,"area":0,"perimeter":0,"LP":null,"LP_Match":null}},
{"type":"Feature","geometry":{"type":"Polygon","coordinates":[[[81.37369710243826,16.843296577490275],[81.37396005592747,16.842333139333952],[81.37400819415744,16.842186307138615],[81.3745648934589,16.84219779620881],[81.37466734532623,16.84243634080843],[81.37489981168945,16.842425254798364],[81.37493222694906,16.842355244159535],[81.3752646746097,16.842369818451445],[81.37537754270177,16.843505515266447],[81.37471149633348,16.84337752774058],[81.37447805826774,16.843304980681854],[81.37425345210418,16.84327765538116],[81.37396198569,16.84321548206771],[81.37378789974538,16.843246604787623],[81.37369710243826,16.843296577490275]]]},"properties":{"Id":148,"Lp_number":137,"area":0,"perimeter":0,"LP":null,"LP_Match":null}},
{"type":"Feature","geometry":{"type":"Polygon","coordinates":[[[81.37537754270177,16.843505515266447],[81.3752646746097,16.842369818451445],[81.37616972055558,16.842334261082907],[81.37622156557765,16.84250675387948],[81.37635899527248,16.84289577337198],[81.3763861100603,16.843084660062555],[81.37638239954879,16.84348041136092],[81.37619372819594,16.843494731103064],[81.37603490745822,16.843506785112982],[81.37584291930709,16.843521356262723],[81.37560135479761,16.84346441244139],[81.37550071447178,16.843482894949766],[81.37537754270177,16.843505515266447]]]},"properties":{"Id":148,"Lp_number":138,"area":0,"perimeter":0,"LP":null,"LP_Match":null}},
{"type":"Feature","geometry":{"type":"Polygon","coordinates":[[[81.37638239954879,16.84348041136092],[81.3763861100603,16.84308466006262],[81.37635899527248,16.84289577337198],[81.37616972055558,16.842334261082907],[81.37676740217832,16.84229814631932],[81.37732366010235,16.842271612967817],[81.37734379852091,16.842574940347458],[81.37736146338285,16.842665384112763],[81.37748255578026,16.84307800382096],[81.37746241943027,16.84348975314041],[81.37638239954879,16.84348041136092]]]},"properties":{"Id":149,"Lp_number":139,"area":0,"perimeter":0,"LP":null,"LP_Match":null}},
{"type":"Feature","geometry":{"type":"Polygon","coordinates":[[[81.37764295493939,16.844013645198498],[81.37900455299578,16.84394868918862],[81.37903105168651,16.844084354575234],[81.37897373036907,16.84415555412537],[81.37912141452489,16.84471144107929],[81.37922746695043,16.84561080393099],[81.379005229051,16.84564800367456],[81.37865104423838,16.84571484372393],[81.37831157985185,16.84579226257598],[81.37806014873655,16.845842385981033],[81.37790372695774,16.845178873225265],[81.37771851645715,16.844349715947967],[81.37764295493939,16.844013645198498]]]},"properties":{"Id":149,"Lp_number":132,"area":0,"perimeter":0,"LP":null,"LP_Match":null}},
{"type":"Feature","geometry":{"type":"Polygon","coordinates":[[[81.37922746695043,16.84561080393099],[81.37912141452489,16.84471144107929],[81.37922077873911,16.844683878836104],[81.37975195889764,16.844643321143213],[81.38014173179825,16.844586687688558],[81.38044044296639,16.844557220211616],[81.38047335235838,16.84541979309355],[81.380176869735,16.845464809298385],[81.3798263810495,16.845491723342157],[81.37949150869966,16.845534024400422],[81.37922746695043,16.84561080393099]]]},"properties":{"Id":150,"Lp_number":130,"area":0,"perimeter":0,"LP":null,"LP_Match":null}},
{"type":"Feature","geometry":{"type":"Polygon","coordinates":[[[81.38044044296639,16.844557220211616],[81.38014173179825,16.844586687688558],[81.37968718084316,16.844648267276686],[81.37912141452489,16.84471144107929],[81.37897373036907,16.84415555412537],[81.37903105168651,16.844084354575234],[81.38039829799433,16.84379090376737],[81.38044044296639,16.844557220211616]]]},"properties":{"Id":151,"Lp_number":131,"area":0,"perimeter":0,"LP":null,"LP_Match":null}},
{"type":"Feature","geometry":{"type":"Polygon","coordinates":[[[81.38047335235838,16.84541979309355],[81.38043697796365,16.844494216806968],[81.38042209498303,16.844223602177674],[81.38040546306472,16.84392118581847],[81.38126166019137,16.843742098660773],[81.38125054241715,16.844214275807868],[81.38133834595975,16.844620874774883],[81.38131573973412,16.844819740825216],[81.38129699696829,16.845350502251726],[81.3808057733488,16.845398285913475],[81.38067265050395,16.845380295130617],[81.38047335235838,16.84541979309355]]]},"properties":{"Id":153,"Lp_number":159,"area":0,"perimeter":0,"LP":null,"LP_Match":null}},
{"type":"Feature","geometry":{"type":"Polygon","coordinates":[[[81.38133834595975,16.844620874774883],[81.38254202309689,16.844548216942165],[81.3826901607429,16.84514211597671],[81.38273567710692,16.845443277084545],[81.38163051234021,16.84545630186029],[81.38158966904561,16.84537305029513],[81.38129699696829,16.845350502251726],[81.38133834595975,16.844620874774883]]]},"properties":{"Id":155,"Lp_number":167,"area":0,"perimeter":0,"LP":null,"LP_Match":null}},
{"type":"Feature","geometry":{"type":"Polygon","coordinates":[[[81.38432505181018,16.84571718518555],[81.38424558568599,16.845659134571605],[81.38417644874808,16.84560862945289],[81.38404353619248,16.845511535562125],[81.38384049550399,16.845508406550966],[81.38368805601984,16.845506057210606],[81.38357650658895,16.845504337980696],[81.38346525846374,16.845502623334124],[81.38333864566653,16.845508666599027],[81.38320622112393,16.845514987176337],[81.3831153451698,16.845495829776418],[81.38298258804451,16.84546784340101],[81.38285313315397,16.84544055307468],[81.38273567710692,16.845443277084545],[81.38254202309689,16.844548216942165],[81.38325279711546,16.84455727385345],[81.3833329788723,16.84459452569473],[81.38339318165058,16.844628166787324],[81.38346318791761,16.844647646966045],[81.38354310397254,16.84466208979321],[81.38374713137353,16.84463409394602],[81.38451838883022,16.845377778108734],[81.38432505181018,16.84571718518555]]]},"properties":{"Id":156,"Lp_number":168,"area":0,"perimeter":0,"LP":null,"LP_Match":null}},
{"type":"Feature","geometry":{"type":"Polygon","coordinates":[[[81.38451838883022,16.845377778108734],[81.38422478293089,16.84509466998745],[81.38395293127809,16.84483253714902],[81.38374713137353,16.84463409394602],[81.3836731909852,16.844644239783154],[81.38354310397254,16.84466208979321],[81.38346318791761,16.844647646966045],[81.3833329788723,16.84459452569473],[81.38325279711546,16.844557273853518],[81.38356592297036,16.8440539456104],[81.38414371776759,16.844021801573696],[81.38475258896159,16.844517634012675],[81.38488873717621,16.84465262870437],[81.38521756684128,16.844641495202122],[81.38451838883022,16.845377778108734]]]},"properties":{"Id":157,"Lp_number":170,"area":0,"perimeter":0,"LP":null,"LP_Match":null}},
{"type":"Feature","geometry":{"type":"Polygon","coordinates":[[[81.38414371776759,16.844021801573696],[81.38425456897866,16.84369700747739],[81.38491624913227,16.843592392101257],[81.38562425112264,16.843613364204934],[81.38559454190782,16.84405752207719],[81.38554696200055,16.84425149523221],[81.38550372502372,16.84439048914049],[81.38532175193662,16.844600006859352],[81.38521756684128,16.844641495202122],[81.38488873717621,16.844652628704434],[81.38460846629057,16.844400268549446],[81.38414371776759,16.844021801573696]]]},"properties":{"Id":157,"Lp_number":171,"area":0,"perimeter":0,"LP":null,"LP_Match":null}},
{"type":"Feature","geometry":{"type":"Polygon","coordinates":[[[81.38356592297036,16.8440539456104],[81.38340699342292,16.8443094142979],[81.38325279711546,16.844557273853518],[81.38254202309689,16.844548216942165],[81.38133834595975,16.844620874774883],[81.38125054241715,16.844214275807868],[81.38126166019137,16.843742098660773],[81.38344412084615,16.843439011348334],[81.38346856460545,16.843825812131996],[81.38356592297036,16.8440539456104]]]},"properties":{"Id":158,"Lp_number":158,"area":0,"perimeter":0,"LP":null,"LP_Match":null}},
{"type":"Feature","geometry":{"type":"Polygon","coordinates":[[[81.38332387148849,16.843455711499914],[81.38249415526673,16.843570939948346],[81.38184966272783,16.843660442695192],[81.38126166019137,16.843742098660773],[81.38047834668758,16.84390594120873],[81.38049707389492,16.843748534912176],[81.38032981205063,16.843080996369842],[81.38102228365948,16.843052517791243],[81.38109266079073,16.843103931318],[81.38235464931324,16.842760718097832],[81.38335543552348,16.842671873635233],[81.3833268757739,16.842787344900497],[81.38325630004582,16.843146730741232],[81.38332387148849,16.843455711499914]]]},"properties":{"Id":159,"Lp_number":157,"area":0,"perimeter":0,"LP":null,"LP_Match":null}},
{"type":"Feature","geometry":{"type":"Polygon","coordinates":[[[81.38335543552348,16.842671873635233],[81.38346984856368,16.842652719642384],[81.38374276304282,16.842548406485168],[81.38395054678975,16.842415251607328],[81.38412420478383,16.842347626024885],[81.38425334906667,16.842309511102542],[81.38435822437418,16.84232732648568],[81.38449770363357,16.842320668336793],[81.38465790619823,16.842381485701242],[81.38471970396367,16.842551980005577],[81.38477561630515,16.84264516172426],[81.38493083781779,16.842706216666063],[81.3850461549367,16.842764612156138],[81.38514122731358,16.842796588101066],[81.38530582672739,16.842806987495038],[81.38540502939568,16.84276573693618],[81.38551917625203,16.8427237728776],[81.38567391920635,16.842743771183116],[81.38574911923267,16.842781259914908],[81.3863717423558,16.84274696927735],[81.38632352488858,16.842886201197526],[81.38617716910365,16.843157919777823],[81.3861146457194,16.84335260656576],[81.38559454190782,16.84405752207719],[81.38562425112264,16.843613364204934],[81.38491624913227,16.843592392101257],[81.38425456897866,16.84369700747739],[81.38414371776759,16.844021801573696],[81.38356592297036,16.8440539456104],[81.38346856460545,16.843825812131996],[81.38344412084615,16.843439011348334],[81.38332387148849,16.843455711499914],[81.38325630004582,16.843146730741232],[81.38335543552348,16.842671873635233]]]},"properties":{"Id":159,"Lp_number":173,"area":0,"perimeter":0,"LP":null,"LP_Match":null}},
{"type":"Feature","geometry":{"type":"Polygon","coordinates":[[[81.38649186716833,16.84250541035105],[81.38643534750202,16.84264503869947],[81.38624850038264,16.842650156121557],[81.38592868267253,16.8426502110224],[81.38564582647975,16.84261426838314],[81.38523843520319,16.842584270659692],[81.3849641031807,16.84256693816574],[81.38488054785734,16.842525283691934],[81.3846988122181,16.842256296198094],[81.38494340558512,16.84186045583636],[81.38503666598218,16.84166582349318],[81.3850120235109,16.840621008602945],[81.38542902673117,16.840407117055193],[81.38565269978267,16.8403545989146],[81.38584775824661,16.840341482728856],[81.38633763505472,16.84032189756667],[81.38634750729581,16.8408120913376],[81.38637282240653,16.84191392821058],[81.38641466238316,16.842296094660675],[81.38649186716833,16.84250541035105]]]},"properties":{"Id":160,"Lp_number":180,"area":0,"perimeter":0,"LP":null,"LP_Match":null}},
{"type":"Feature","geometry":{"type":"Polygon","coordinates":[[[81.38385594798592,16.842281315936997],[81.38379972349183,16.84209001590438],[81.3837195538422,16.841625999344227],[81.38365219241201,16.841191800211927],[81.38369581733065,16.841014752112553],[81.38376814574289,16.840805905070816],[81.38381163757504,16.840617452475286],[81.38391077743124,16.840570880560715],[81.38407611379246,16.840502130740912],[81.38414262047128,16.840506563288297],[81.38420202118282,16.84061403233766],[81.3842693254538,16.840686891652368],[81.3850120235109,16.840621008602945],[81.38503666598218,16.841665823493244],[81.3846988122181,16.842256296198094],[81.38458593303298,16.84219321981777],[81.38437382478277,16.842169112588774],[81.38413725265944,16.842184208949533],[81.3840046811727,16.842213358744914],[81.38385594798592,16.842281315936997]]]},"properties":{"Id":161,"Lp_number":179,"area":0,"perimeter":0,"LP":null,"LP_Match":null}},
{"type":"Feature","geometry":{"type":"Polygon","coordinates":[[[81.38233146055721,16.842624134375463],[81.3823058791869,16.84221076255399],[81.38205498439422,16.841709250081053],[81.38175003750304,16.841202709636068],[81.38174800161575,16.841027841059653],[81.38258304551208,16.841045042714427],[81.38265575107881,16.841581684363607],[81.3837500901654,16.841802741826715],[81.38381707797122,16.842149063389567],[81.38385594798592,16.842281315936997],[81.38340197693873,16.842531201025412],[81.3828338858723,16.842611566076304],[81.38257231742041,16.842620246429192],[81.38233146055721,16.842624134375463]],[[81.38226979231635,16.84196525062492],[81.38242356246074,16.84197312625594],[81.3825684104331,16.841928177155143],[81.3827000964044,16.841822998487416],[81.38269872379192,16.841705152298754],[81.38264820147278,16.841646705940455],[81.38259776773612,16.841595862548896],[81.38257925927799,16.84143319096048],[81.38256057375565,16.84125531340627],[81.38252996612741,16.84112364809166],[81.38226416001221,16.841124923151277],[81.38208579353962,16.841144846489772],[81.38202286238638,16.84109079579192],[81.38194407915122,16.841102162849992],[81.38187876734709,16.84120036984286],[81.38189594733645,16.84124899679187],[81.38196784475133,16.841359673668254],[81.38204853146853,16.841511770690136],[81.38219241529818,16.841740727275063],[81.38226979231635,16.84196525062492]]]},"properties":{"Id":163,"Lp_number":176,"area":0,"perimeter":0,"LP":null,"LP_Match":null}},
{"type":"Feature","geometry":{"type":"Polygon","coordinates":[[[81.38233146055721,16.842624134375463],[81.38221494626342,16.842676859716182],[81.3819696213574,16.842725082261378],[81.3817377217337,16.84278483534857],[81.38142011457099,16.842903450107652],[81.38115542982672,16.843001281639182],[81.38101495881388,16.842922784141397],[81.38026477795539,16.842989009466827],[81.38018571201293,16.843047553970205],[81.37987340094686,16.8430502841133],[81.37973363791798,16.843032609590125],[81.37966008171598,16.84299351881218],[81.3796060975174,16.84292306537862],[81.3795785394649,16.842839179564923],[81.37956398224769,16.842730330405203],[81.3795942911247,16.842479368066122],[81.3799264561679,16.842469605253015],[81.37994553273582,16.842395665888684],[81.37989084105354,16.842264388660677],[81.37986236317168,16.842101431855514],[81.37978746302362,16.84194677576634],[81.37985868396073,16.841785147749544],[81.37991061600992,16.84167921191466],[81.38006146820807,16.841507698526996],[81.38012689605222,16.841419375972244],[81.38018546969981,16.841313123154],[81.38025202967387,16.841322118747122],[81.38031993424775,16.84144667966268],[81.38175003750304,16.841202709636068],[81.3823058791869,16.84221076255399],[81.38233146055721,16.842624134375463]]]},"properties":{"Id":164,"Lp_number":155,"area":0,"perimeter":0,"LP":null,"LP_Match":null}},
{"type":"Feature","geometry":{"type":"Polygon","coordinates":[[[81.37845534757373,16.843974890517163],[81.37847182177859,16.84367704341686],[81.3784229948345,16.843478542679545],[81.37905369457293,16.84342411032772],[81.37901172119466,16.843243540014797],[81.3790301616312,16.843114859251337],[81.37904640944214,16.84279762449147],[81.37956398224769,16.842730330405203],[81.3796060975174,16.842923065378685],[81.37973363791798,16.843032609590125],[81.37987340094686,16.843050284113367],[81.38010555264488,16.843048254748098],[81.38018571201293,16.843047553970205],[81.38020076497644,16.8431989797738],[81.38026838713922,16.84329921112896],[81.38027029789284,16.843463435534417],[81.38034505751001,16.843605926634257],[81.38041282144412,16.843718322703563],[81.38039829799433,16.84379090376737],[81.3801574077444,16.843842606542154],[81.37986339530323,16.84390571062377],[81.37953204770474,16.84397682742186],[81.37926136919296,16.844034922440812],[81.37903105168651,16.844084354575234],[81.37900455299578,16.84394868918862],[81.37882065429963,16.843957462737027],[81.37866124773828,16.843965067666307],[81.37845534757373,16.843974890517163]]]},"properties":{"Id":164,"Lp_number":141,"area":0,"perimeter":0,"LP":null,"LP_Match":null}},
{"type":"Feature","geometry":{"type":"Polygon","coordinates":[[[81.37845534757373,16.843974890517163],[81.37764295493939,16.844013645198498],[81.37746241943027,16.84348975314041],[81.37748255578026,16.84307800382096],[81.37740913146628,16.84282781230173],[81.37734379852091,16.842574940347458],[81.37809067898282,16.842332015708273],[81.3784229948345,16.843478542679545],[81.37847182177859,16.84367704341686],[81.37845534757373,16.843974890517163]]]},"properties":{"Id":165,"Lp_number":140,"area":0,"perimeter":0,"LP":null,"LP_Match":null}},
{"type":"Feature","geometry":{"type":"Polygon","coordinates":[[[81.37734379852091,16.842574940347458],[81.37732366010235,16.842271612967817],[81.37733427991229,16.841862980091523],[81.37876199852766,16.84177052817032],[81.37896196167767,16.841821845812643],[81.3791545757511,16.84181265626775],[81.37900160713123,16.8423737586761],[81.37989084105354,16.842264388660677],[81.37994553273582,16.842395665888684],[81.3799264561679,16.842469605253015],[81.3795942911247,16.842479368066122],[81.37956398224769,16.842730330405203],[81.37904640944214,16.84279762449154],[81.3790301616312,16.8431148592514],[81.37901172119466,16.843243540014857],[81.37905369457293,16.84342411032779],[81.3784229948345,16.843478542679545],[81.37809067898282,16.842332015708344],[81.37734379852091,16.842574940347458]]]},"properties":{"Id":166,"Lp_number":142,"area":0,"perimeter":0,"LP":null,"LP_Match":null}},
{"type":"Feature","geometry":{"type":"Polygon","coordinates":[[[81.3752646746097,16.842369818451445],[81.37515016942709,16.842364798678922],[81.37493222694906,16.842355244159535],[81.37489981168945,16.842425254798364],[81.37466734532623,16.84243634080843],[81.3745648934589,16.842197796208882],[81.37400819415744,16.842186307138615],[81.3743284188546,16.84111173477007],[81.37505923412542,16.841095140617522],[81.3752646746097,16.842369818451445]]]},"properties":{"Id":168,"Lp_number":147,"area":0,"perimeter":0,"LP":null,"LP_Match":null}},
{"type":"Feature","geometry":{"type":"Polygon","coordinates":[[[81.3743284188546,16.84111173477007],[81.37478729025482,16.839422354239495],[81.3759159706326,16.839332010775898],[81.37617492309336,16.84102975861567],[81.37610200407399,16.84104540804334],[81.37505923412542,16.841095140617522],[81.37461443205406,16.84110524076217],[81.3743284188546,16.84111173477007]]]},"properties":{"Id":168,"Lp_number":148,"area":0,"perimeter":0,"LP":null,"LP_Match":null}},
{"type":"Feature","geometry":{"type":"Polygon","coordinates":[[[81.3752646746097,16.842369818451445],[81.37505923412542,16.841095140617522],[81.37610200407399,16.84104540804334],[81.37616972055558,16.842334261082907],[81.37567135883272,16.84235384117094],[81.3752646746097,16.842369818451445]]]},"properties":{"Id":169,"Lp_number":46,"area":0,"perimeter":0,"LP":null,"LP_Match":null}},
{"type":"Feature","geometry":{"type":"Polygon","coordinates":[[[81.37616972055558,16.842334261082907],[81.37610200407399,16.84104540804334],[81.37617492309336,16.84102975861567],[81.37687803985487,16.840917106899393],[81.37689266601737,16.840459977193483],[81.37716293139339,16.84027059848657],[81.37729781837282,16.841012712861964],[81.37733427991229,16.84186298009159],[81.37732366010235,16.842271612967817],[81.37616972055558,16.842334261082907]]]},"properties":{"Id":170,"Lp_number":145,"area":0,"perimeter":0,"LP":null,"LP_Match":null}},
{"type":"Feature","geometry":{"type":"Polygon","coordinates":[[[81.37617492309336,16.84102975861567],[81.37603922709044,16.840140110657817],[81.3759159706326,16.839332010775898],[81.37708421783336,16.839215430677722],[81.37716293139339,16.84027059848657],[81.37689266601737,16.840459977193483],[81.37687803985487,16.84091710689946],[81.37617492309336,16.84102975861567]]]},"properties":{"Id":172,"Lp_number":149,"area":0,"perimeter":0,"LP":null,"LP_Match":null}},
{"type":"Feature","geometry":{"type":"Polygon","coordinates":[[[81.37729781837282,16.841012712861964],[81.37716293139339,16.84027059848657],[81.37708421783336,16.839215430677722],[81.37839144573444,16.8390496132728],[81.37839950159126,16.839170944211084],[81.37813807238531,16.839548561745314],[81.37804234062264,16.84103196879392],[81.37729781837282,16.841012712861964]]]},"properties":{"Id":173,"Lp_number":150,"area":0,"perimeter":0,"LP":null,"LP_Match":null}},
{"type":"Feature","geometry":{"type":"Polygon","coordinates":[[[81.37804234062264,16.84103196879392],[81.37808128978001,16.840428436296456],[81.37813807238531,16.83954856174538],[81.37839950159126,16.839170944211084],[81.37839144573444,16.8390496132728],[81.3790811994806,16.838931505490468],[81.37904003080588,16.841106087016875],[81.3784624027619,16.841151901912735],[81.37824908605849,16.84109513508377],[81.37804234062264,16.84103196879392]]]},"properties":{"Id":174,"Lp_number":15,"area":0,"perimeter":0,"LP":null,"LP_Match":null}},
{"type":"Feature","geometry":{"type":"Polygon","coordinates":[[[81.37733427991229,16.84186298009159],[81.37729781837282,16.841012712861964],[81.37804234062264,16.84103196879392],[81.3784624027619,16.841151901912802],[81.37904003080588,16.841106087016875],[81.37914806850173,16.84125307660831],[81.37927553677082,16.84135653876258],[81.37943571925454,16.84141583966074],[81.37940385404575,16.841532989482292],[81.37937884287223,16.841668069569362],[81.37930034307725,16.841775272832134],[81.3791545757511,16.84181265626782],[81.37896196167767,16.84182184581271],[81.37876199852766,16.84177052817032],[81.37817857338528,16.841808309075038],[81.37744737729308,16.84185565683534],[81.37733427991229,16.84186298009159]]]},"properties":{"Id":174,"Lp_number":144,"area":0,"perimeter":0,"LP":null,"LP_Match":null}},
{"type":"Feature","geometry":{"type":"Polygon","coordinates":[[[81.3791545757511,16.84181265626782],[81.37930034307725,16.8417752728322],[81.37937884287223,16.841668069569362],[81.37940385404575,16.841532989482292],[81.37943571925454,16.84141583966074],[81.37935091675101,16.841384445083477],[81.37927553677082,16.84135653876258],[81.379199614048,16.8412949145989],[81.37914806850173,16.84125307660831],[81.37904003080588,16.841106087016875],[81.37904281242893,16.840959158841876],[81.37904615405367,16.84078265067069],[81.38022559377362,16.840763489915634],[81.38025202967387,16.841322118747122],[81.38018546969981,16.841313123154],[81.37994347255308,16.841641855271867],[81.37991061600992,16.84167921191466],[81.37978746302362,16.84194677576634],[81.37986236317168,16.842101431855514],[81.37989084105354,16.842264388660677],[81.37961074503096,16.842298839086066],[81.37939376154232,16.842325526711438],[81.37900160713123,16.8423737586761],[81.37908086353364,16.842083039605054],[81.3791545757511,16.84181265626782]]]},"properties":{"Id":175,"Lp_number":143,"area":0,"perimeter":0,"LP":null,"LP_Match":null}},
{"type":"Feature","geometry":{"type":"Polygon","coordinates":[[[81.38022559377362,16.840763489915634],[81.37904615405367,16.84078265067069],[81.3790811994806,16.838931505490468],[81.38017517963719,16.83871499294871],[81.38061608322643,16.838913042062266],[81.38062018818735,16.839265820543392],[81.38067057333495,16.8395981333354],[81.3807196846435,16.839820963133988],[81.38080179271957,16.840023961075854],[81.38085782924378,16.840270803437495],[81.3802403534211,16.840318524901882],[81.38022559377362,16.840763489915634]]]},"properties":{"Id":176,"Lp_number":152,"area":0,"perimeter":0,"LP":null,"LP_Match":null}},
{"type":"Feature","geometry":{"type":"Polygon","coordinates":[[[81.38022559377362,16.840763489915634],[81.3802403534211,16.840318524901882],[81.38085782924378,16.840270803437495],[81.38167533771593,16.84028047753429],[81.38170679091968,16.840698894287645],[81.38165486013507,16.840804830560923],[81.38168906060805,16.84088839913484],[81.38174800161575,16.841027841059653],[81.38175003750304,16.841202709636068],[81.38031993424775,16.84144667966268],[81.38025202967387,16.841322118747122],[81.38024027966797,16.841073824619862],[81.38022559377362,16.840763489915634]]]},"properties":{"Id":177,"Lp_number":154,"area":0,"perimeter":0,"LP":null,"LP_Match":null}},
{"type":"Feature","geometry":{"type":"Polygon","coordinates":[[[81.38061608322643,16.838913042062266],[81.3810090796037,16.838991661061996],[81.38134244201495,16.839085296660098],[81.38156275309827,16.83917215528711],[81.38177713073316,16.839320154503383],[81.38203665553269,16.839350369329384],[81.38227547597904,16.839314628532406],[81.38247472906026,16.839305118942818],[81.3825097796373,16.839461676016615],[81.38250774220666,16.839857348057357],[81.38258717739063,16.840401275795948],[81.38258304551208,16.84104504271449],[81.38174800161575,16.841027841059653],[81.38165486013507,16.840804830560923],[81.38170679091968,16.840698894287645],[81.38167533771593,16.84028047753429],[81.38085782924378,16.840270803437495],[81.38080179271957,16.840023961075854],[81.3807196846435,16.839820963133988],[81.38067057333495,16.839598133335468],[81.38062018818735,16.839265820543392],[81.38061608322643,16.838913042062266]]]},"properties":{"Id":178,"Lp_number":153,"area":0,"perimeter":0,"LP":null,"LP_Match":null}},
{"type":"Feature","geometry":{"type":"Polygon","coordinates":[[[81.38263950942861,16.841461804616376],[81.38258304551208,16.84104504271449],[81.38258409153492,16.840882066938565],[81.3825860471925,16.840577365896273],[81.38255425728877,16.84017585775231],[81.38250774220666,16.839857348057357],[81.3825097796373,16.839461676016615],[81.38247472906026,16.839305118942818],[81.38321246125805,16.839312508478244],[81.38329937112135,16.83935704636454],[81.38337306834777,16.839408300635384],[81.38354646306017,16.83946088192348],[81.38413093887861,16.839432982958122],[81.38414262047128,16.840506563288297],[81.38407611379246,16.84050213074098],[81.38381163757504,16.840617452475353],[81.38365219241201,16.841191800211927],[81.38296515921873,16.84147258757348],[81.38263950942861,16.841461804616376]]]},"properties":{"Id":179,"Lp_number":177,"area":0,"perimeter":0,"LP":null,"LP_Match":null}},
{"type":"Feature","geometry":{"type":"Polygon","coordinates":[[[81.38263950942861,16.841461804616376],[81.38296515921873,16.84147258757348],[81.38365219241201,16.841191800211927],[81.3837500901654,16.841802741826715],[81.383215235747,16.8416947015581],[81.38275707013815,16.841602151171113],[81.38265575107881,16.841581684363607],[81.38263950942861,16.841461804616376]]]},"properties":{"Id":180,"Lp_number":0,"area":0,"perimeter":0,"LP":null,"LP_Match":null}},
{"type":"Feature","geometry":{"type":"Polygon","coordinates":[[[81.38414262047128,16.840506563288297],[81.3841374912178,16.840035169488104],[81.38413093887863,16.83943298295819],[81.38622231443506,16.839266197537057],[81.38619957889959,16.839595914596032],[81.3860151993852,16.840334788602448],[81.38557184754998,16.840373582944657],[81.38542902673117,16.840407117055193],[81.3850120235109,16.840621008602945],[81.3842693254538,16.840686891652368],[81.38414262047128,16.840506563288297]]]},"properties":{"Id":181,"Lp_number":178,"area":0,"perimeter":0,"LP":null,"LP_Match":null}},
{"type":"Feature","geometry":{"type":"Polygon","coordinates":[[[81.38649186716833,16.84250541035105],[81.38645335400808,16.842400994493897],[81.38641466238316,16.842296094660675],[81.38639358367124,16.842103561867656],[81.38637282240653,16.84191392821058],[81.38636693062779,16.841657491013578],[81.38635504986453,16.841140382644312],[81.38633763505472,16.84032189756667],[81.38660010126586,16.840319255224667],[81.38670700871243,16.84036892264786],[81.3867811330667,16.84045666994774],[81.38684225778822,16.84056938100392],[81.38707464988,16.84055219888959],[81.38749308331829,16.840532218706922],[81.38758857910759,16.842450761844763],[81.38649186716833,16.84250541035105]]]},"properties":{"Id":0,"Lp_number":0,"area":0,"perimeter":0,"LP":null,"LP_Match":null}},
{"type":"Feature","geometry":{"type":"Polygon","coordinates":[[[81.38649186716833,16.84250541035105],[81.38645335400808,16.842400994493897],[81.38641466238316,16.842296094660675],[81.38639358367124,16.842103561867656],[81.38637282240653,16.84191392821058],[81.38636693062779,16.841657491013578],[81.38635504986453,16.841140382644312],[81.38633763505472,16.84032189756667],[81.38660010126586,16.840319255224667],[81.38670700871243,16.84036892264786],[81.3867811330667,16.84045666994774],[81.38684225778822,16.84056938100392],[81.38707464988,16.84055219888959],[81.38749308331829,16.840532218706922],[81.38758857910759,16.842450761844763],[81.38717678037655,16.842471282221375],[81.38649186716833,16.84250541035105]]]},"properties":{"Id":183,"Lp_number":181,"area":0,"perimeter":0,"LP":null,"LP_Match":null}},
{"type":"Feature","geometry":{"type":"Polygon","coordinates":[[[81.38755632440761,16.841802759206733],[81.38752782572008,16.841230210991768],[81.38749308331829,16.840532218706922],[81.38768519848347,16.84048044453625],[81.38888374032805,16.84011283399437],[81.38894046289376,16.84098647609813],[81.38893744427318,16.84129699457773],[81.38887301519613,16.841470473147023],[81.3887559485857,16.841689065900297],[81.38876514779794,16.84190771430761],[81.38878034953763,16.84207130411577],[81.38858922756008,16.84220823261916],[81.38834461529189,16.84231728651608],[81.38808551171759,16.842323574043853],[81.38758260535802,16.84233074856685],[81.38756342141195,16.841945339748808],[81.38755632440761,16.841802759206733],[81.3879656004347,16.84176604853809],[81.38846399184376,16.841727351746417],[81.38875601962353,16.841695148278195],[81.3879656004347,16.84176604853809],[81.38785315556203,16.841774778968407],[81.38755632440761,16.841802759206733]]]},"properties":{"Id":183,"Lp_number":184,"area":0,"perimeter":0,"LP":null,"LP_Match":null}},
{"type":"Feature","geometry":{"type":"Polygon","coordinates":[[[81.38768519848347,16.84048044453625],[81.38749308331829,16.840532218706922],[81.38707464988,16.84055219888959],[81.38684225778822,16.84056938100392],[81.3867811330667,16.84045666994774],[81.38670700871243,16.84036892264786],[81.38660010126586,16.840319255224667],[81.38633763505472,16.84032189756667],[81.3860151993852,16.840334788602448],[81.38610543713806,16.839973174681884],[81.38616086778745,16.8397510442022],[81.3862065112288,16.83949538013251],[81.38622231443506,16.839266197537057],[81.38634765634606,16.839187183815874],[81.38645935983841,16.839078392347485],[81.38652457096988,16.838971820666128],[81.38666262830613,16.8388435134626],[81.38686088694287,16.83874884628916],[81.38709885382784,16.83864011133782],[81.38749600897643,16.838505517404506],[81.38754562489586,16.838770922102295],[81.38765455193676,16.83956295663162],[81.38768519848347,16.84048044453625]]]},"properties":{"Id":184,"Lp_number":182,"area":0,"perimeter":0,"LP":null,"LP_Match":null}},
{"type":"Feature","geometry":{"type":"Polygon","coordinates":[[[81.38768519848347,16.84048044453625],[81.38766166872577,16.83977601816693],[81.38765455193676,16.83956295663162],[81.38760300788499,16.83918816842417],[81.38754562489586,16.838770922102295],[81.38749600897643,16.838505517404506],[81.38781303684006,16.83833823437982],[81.38820425927602,16.8382647800642],[81.38902719285014,16.838170707433513],[81.38902903996228,16.838328849305125],[81.38898446604756,16.838495293953958],[81.38896667210606,16.838678716937014],[81.38890338051978,16.838949513611087],[81.38888374032805,16.84011283399437],[81.3885064045391,16.840228569374883],[81.3878999141382,16.840414588679444],[81.38768519848347,16.84048044453625]]]},"properties":{"Id":185,"Lp_number":183,"area":0,"perimeter":0,"LP":null,"LP_Match":null}},
{"type":"Feature","geometry":{"type":"MultiPolygon","coordinates":[[[[81.39400987276359,16.84237154327644],[81.39376579352829,16.842411871649983],[81.39354848375183,16.84244777674011],[81.39354839885686,16.842446648492988],[81.39400987276359,16.84237154327644]]],[[[81.39271634864319,16.842573319836617],[81.39263394354309,16.842447883423986],[81.39259051950066,16.84228640287885],[81.39253906007747,16.84214812786823],[81.39251718813787,16.842022943723002],[81.39295941561517,16.841764470510988],[81.3934255853784,16.84171991704001],[81.39413674768772,16.841657860644368],[81.394938109757,16.841621237684596],[81.39493189191518,16.84190801790784],[81.39492516532404,16.84221826227169],[81.39400987276359,16.84237154327644],[81.39398317096928,16.842037290111875],[81.39352297190905,16.842108725950787],[81.39354839885686,16.842446648492988],[81.39324733562128,16.842495646166096],[81.39324761071798,16.842497488200316],[81.3931398857666,16.84251313338586],[81.39309248693681,16.842520847418818],[81.39294755731108,16.84254106562022],[81.39271634864319,16.842573319836617]]]]},"properties":{"Id":187,"Lp_number":0,"area":0,"perimeter":0,"LP":null,"LP_Match":null}},
{"type":"Feature","geometry":{"type":"MultiPolygon","coordinates":[[[[81.39476664966676,16.849751855482435],[81.39455772786323,16.849795523987332],[81.3945441316127,16.849798855538115],[81.39454469325845,16.84979823759359],[81.39457787864932,16.849704345448696],[81.39461765546578,16.849554104070005],[81.39474707972218,16.84890130634933],[81.39481342193784,16.848536793466405],[81.39393260416307,16.84816048517838],[81.39368188071255,16.848031731465262],[81.39332688624543,16.847866119706925],[81.39303786786604,16.847659319150345],[81.39271983571813,16.847457707955478],[81.39243956589627,16.84728852468077],[81.39234739306404,16.847220659615335],[81.39226325598672,16.847129588976138],[81.3921911725309,16.84700371000816],[81.39209311438405,16.84678778533716],[81.39191382607584,16.846374149991547],[81.39150972170705,16.845560464525764],[81.39108750480203,16.844618320865703],[81.39053782375531,16.843431226730782],[81.39042236488875,16.843147667518508],[81.38942890079156,16.84308100963546],[81.38833532885874,16.84303451755928],[81.38773298120728,16.84299388047527],[81.38726069739285,16.842955574648123],[81.38692957152995,16.842912049234723],[81.38664538256236,16.842904318273042],[81.38656826814373,16.842361041800505],[81.38558914703913,16.842170443847863],[81.3843501445795,16.841919217787435],[81.38265575107879,16.841581684363607],[81.38252808905999,16.840962477573136],[81.38230439475836,16.84001464556964],[81.3821621621815,16.83933158660343],[81.38254186087626,16.839305791482026],[81.3827690191164,16.84053714656405],[81.38298518666602,16.8414090750887],[81.38333350985047,16.841449503780897],[81.38367942856165,16.841550904317838],[81.38390932243043,16.841586524991747],[81.38435596256758,16.841687871113344],[81.38469729896688,16.84175240355511],[81.38529891402774,16.8418758274596],[81.3857945089949,16.841990047791267],[81.38634211600603,16.842112243538516],[81.38679815412509,16.842217890204644],[81.38685392055741,16.842458658235515],[81.38690084135322,16.84265325444598],[81.38698045040691,16.842728652170234],[81.3871075444268,16.842747983872506],[81.38732746787504,16.842729875466556],[81.38768491248969,16.842750843280026],[81.38810486888497,16.842789745148636],[81.38856284642337,16.842794499781014],[81.38908236458806,16.842822939562076],[81.3894657987425,16.842846466667545],[81.38986782440735,16.842861497873898],[81.39049935786089,16.842878878533313],[81.39074736744064,16.843309201452414],[81.39094154602371,16.84375350627718],[81.39112618531935,16.84418115036789],[81.39136208894567,16.84464152880803],[81.39160918313468,16.84517078823575],[81.39186851718387,16.84576982938541],[81.39203859073561,16.846105931048186],[81.39229627815108,16.846652750747516],[81.39251066423755,16.84704854367199],[81.3925639041404,16.847072625400344],[81.39264664767735,16.84713333364269],[81.3927764933086,16.84722602397811],[81.39316393307672,16.84750229289912],[81.39352205918334,16.84775809096137],[81.39369242509366,16.84785264830444],[81.39403881685107,16.847992996143297],[81.39492460051676,16.848350048627506],[81.39508354046544,16.848444199942435],[81.39501729210956,16.848745758742467],[81.39476664966676,16.849751855482435]]],[[[81.39252831193365,16.850201688812376],[81.39245667187791,16.850113824809984],[81.3925206497242,16.850043824874156],[81.39258135399508,16.850120039767983],[81.39275575850733,16.850091877419995],[81.39294011637534,16.850054213627352],[81.39305237509377,16.850048850301654],[81.39320614045057,16.850126704609547],[81.3945441316127,16.849798855538115],[81.39448422368349,16.849864768537746],[81.3943498134914,16.849992624654604],[81.39404980058401,16.850075427431857],[81.39361228433035,16.850195877278434],[81.39346329491573,16.8502368943701],[81.39314810545689,16.85027857871999],[81.39307664305298,16.850205920862116],[81.39294790741681,16.850208267798337],[81.39273650109153,16.85024499312286],[81.39257499959665,16.85028694127191],[81.39252831193365,16.850201688812376]]],[[[81.39476664966676,16.849751855482435],[81.3949948121247,16.84970416506141],[81.39521741188469,16.8496574673585],[81.3953410465207,16.84943247136375],[81.39698128565355,16.849323652146257],[81.39716621129689,16.849502483384697],[81.39758111357219,16.84981736945967],[81.39785683898913,16.84995253063562],[81.39800708890573,16.85001381355491],[81.39816260503879,16.85016993484802],[81.39821339778089,16.850604921847466],[81.39815063310432,16.850919817995674],[81.39800939403972,16.85127269773603],[81.3980671071568,16.851589442077962],[81.39822418546608,16.85187861494632],[81.39846438069648,16.852171421704433],[81.39865346352244,16.852710102478177],[81.39870890333852,16.85283297130492],[81.39878818093916,16.85286341397726],[81.39883478283866,16.852941061966487],[81.39873108759323,16.85295362626304],[81.39857135011441,16.852868682486005],[81.39847486260575,16.85257509202596],[81.39840566808058,16.852373426911438],[81.3983449504209,16.852264841980496],[81.3983174540774,16.852187041320587],[81.39825046145542,16.85214155751944],[81.39820939541268,16.85204006241071],[81.39815525911925,16.85195744938922],[81.39806098447042,16.851852411918202],[81.39801291970552,16.851720822453537],[81.39792528741508,16.851615467413367],[81.39787700878699,16.851465630822354],[81.3978772240174,16.85129810619001],[81.39788765351265,16.851239948406207],[81.39794607734888,16.851121526039666],[81.39796479096097,16.85101717337608],[81.39803614223314,16.850867704172146],[81.39809506528967,16.850791858304152],[81.39805561695475,16.850515260443512],[81.39802265110487,16.850284114811245],[81.39786767098269,16.850102863976794],[81.3974460798201,16.849855241684804],[81.39721803755083,16.84967748260658],[81.39704963188697,16.84948470133333],[81.39535632590413,16.849602142800876],[81.39535703847771,16.849662966465374],[81.39529854218506,16.849775305769935],[81.39505992519032,16.849829309001223],[81.39478131292688,16.849873051595335],[81.39473535195187,16.84988580989835],[81.39476660393667,16.84975203904535],[81.39476664966676,16.849751855482435]]],[[[81.39473535195187,16.84988580989835],[81.39473057732326,16.84990624718056],[81.39459872241375,16.850032361433932],[81.39413548761426,16.850484684148665],[81.39381021360697,16.85080033064779],[81.39367833452967,16.850818042650445],[81.39337695868052,16.850857674251863],[81.39317556583202,16.850874014454757],[81.39234134610201,16.85093098568444],[81.39205497004083,16.850950371977266],[81.3914549655428,16.85100299706901],[81.39090590225652,16.851042917406136],[81.39075020000672,16.851048072476505],[81.39026082253595,16.85107715258727],[81.38953353243794,16.85111417098679],[81.38907770056987,16.851134799657093],[81.38817705867699,16.85115955249355],[81.38743585519686,16.851178970541923],[81.38693628716605,16.851189130913006],[81.38687287787253,16.851201287133513],[81.38684725672012,16.851248153675918],[81.38677113282901,16.851345356905313],[81.38662672992155,16.851571338972395],[81.38642453756326,16.851863980547716],[81.38612693207389,16.85230951764968],[81.3858499385253,16.8527061448523],[81.38577332645946,16.852868412552493],[81.38573620033496,16.853104106438852],[81.38568999697407,16.85330942449447],[81.38556559471539,16.853754679338255],[81.38549138474885,16.854016106197022],[81.38535226751618,16.854588723224914],[81.38521106607921,16.85508955156184],[81.38508306311931,16.85565365017799],[81.38492193790994,16.856262690828135],[81.38486980635933,16.85647312377796],[81.38503725109555,16.856640589008787],[81.385203197517,16.856872293978306],[81.38566628637616,16.857579336807664],[81.38588422035147,16.857840445364303],[81.38616510007553,16.858037058748675],[81.38643560068512,16.858258065718992],[81.38753980934514,16.8592148196792],[81.38796925786347,16.85974843376647],[81.38869309439023,16.86065228151779],[81.3891678402214,16.86118189272804],[81.3901533331322,16.8623352432631],[81.39068931063215,16.862985163257566],[81.390820707924,16.863138638453034],[81.39118054102461,16.864070829702854],[81.39139762305457,16.864547457265285],[81.39118625762472,16.864606867454484],[81.39107198990745,16.864638985499425],[81.3908808022567,16.86412736663304],[81.39042122508594,16.86319081025696],[81.39028790810355,16.86287311098251],[81.38966649331662,16.862163369867584],[81.38908075597774,16.861520387945788],[81.38861029862308,16.860931235588314],[81.38802392936277,16.86023350911307],[81.38772070273984,16.85987827829189],[81.3875134639139,16.859632571797793],[81.38703020067821,16.85922660020551],[81.3865623109063,16.858856408081962],[81.38611424377699,16.858476139924583],[81.3857671451802,16.858205158587314],[81.38561620066119,16.858084563688166],[81.38543408838933,16.857855912928194],[81.38510420569534,16.857351328386137],[81.38483008190116,16.856926239402004],[81.38452533187015,16.85648094415156],[81.38457921792384,16.856186242844004],[81.3846720360236,16.855810580905132],[81.38480706828443,16.85527923835832],[81.38493388560762,16.854755895027967],[81.3851291927886,16.85405051284511],[81.38534379244393,16.85321869057483],[81.38547648771524,16.852843406562],[81.38549551539285,16.852694157756876],[81.38571547777978,16.852322314648024],[81.38639016489576,16.85140766798143],[81.38674552165627,16.850892429633248],[81.38901326832318,16.85087923171599],[81.3898522402345,16.85087339573266],[81.39203191808006,16.85078829854952],[81.39363799690493,16.850669727528754],[81.3943498134914,16.849992624654604],[81.39447965116258,16.849956789639542],[81.39473535195187,16.84988580989835]]]]},"properties":{"Id":100,"Lp_number":1000,"area":0,"perimeter":0,"LP":null,"LP_Match":null}},
{"type":"Feature","geometry":{"type":"Polygon","coordinates":[[[81.37787112768859,16.853619169616856],[81.37762548860967,16.853927567470357],[81.37745360263723,16.854148767880957],[81.37732376082914,16.854413605810336],[81.37720875738667,16.854525592041202],[81.3771888685355,16.85462277266023],[81.3770904341389,16.85445916629135],[81.3769214507656,16.85422539792038],[81.37710986553627,16.853930467159977],[81.377386762338,16.853518555967543],[81.37768283687873,16.8532610029089],[81.37787112768859,16.853619169616856]]]},"properties":{"Id":0,"Lp_number":106,"area":0,"perimeter":0,"LP":null,"LP_Match":null}},
{"type":"Feature","geometry":{"type":"Polygon","coordinates":[[[81.37768283687873,16.8532610029089],[81.37790577605142,16.853143867614904],[81.37801203351765,16.852994262185174],[81.37825543786423,16.8528154986848],[81.37858544251301,16.852573132317403],[81.37896102577047,16.85227918039918],[81.37918031467834,16.85261342234925],[81.37899986361613,16.852812211209283],[81.37868639024529,16.853002131532556],[81.37839817832423,16.85322127504269],[81.37811014251231,16.853455624110563],[81.37787112768859,16.853619169616856],[81.37768283687873,16.8532610029089]]]},"properties":{"Id":0,"Lp_number":104,"area":0,"perimeter":0,"LP":null,"LP_Match":null}},
{"type":"Feature","geometry":{"type":"Polygon","coordinates":[[[81.37896102577047,16.85227918039918],[81.37959290742948,16.851777764525767],[81.38001183675246,16.8513698096312],[81.38028752536026,16.85150924133523],[81.37996951034022,16.8518987289342],[81.37988674803643,16.851925499309125],[81.37984611874647,16.852003509778825],[81.37967352949424,16.852163888196202],[81.37956692002348,16.852283082558642],[81.37950200125714,16.85241550218363],[81.3793701294006,16.852505472924737],[81.37918031467834,16.85261342234925],[81.37896102577047,16.85227918039918]]]},"properties":{"Id":0,"Lp_number":102,"area":0,"perimeter":0,"LP":null,"LP_Match":null}},
{"type":"Feature","geometry":{"type":"Polygon","coordinates":[[[81.38001183675246,16.8513698096312],[81.38038871979974,16.850918216863292],[81.38073292118956,16.85051382598177],[81.38072355662327,16.85042298644736],[81.3811579353501,16.84991539823187],[81.38132283823712,16.84980863562702],[81.38148041196503,16.849785901828273],[81.38175808816145,16.849972441280347],[81.38145354455831,16.850215190339405],[81.38112524263109,16.85055796621321],[81.38087855081166,16.850775132161186],[81.38056711779711,16.851139923725036],[81.38052595806043,16.851172316472788],[81.38041122388971,16.85130711338267],[81.38028752536026,16.85150924133523],[81.38001183675246,16.8513698096312]]]},"properties":{"Id":0,"Lp_number":100,"area":0,"perimeter":0,"LP":null,"LP_Match":null}},
{"type":"Feature","geometry":{"type":"Polygon","coordinates":[[[81.38148041196503,16.849785901828273],[81.38226338895593,16.84853899152365],[81.38280967857911,16.84836838267986],[81.38288890994954,16.84849209155765],[81.38277596686355,16.848602081024328],[81.38277359577086,16.848684580574517],[81.38242792674798,16.8489971815179],[81.38242916651289,16.849103623165213],[81.38235594814961,16.849236439914254],[81.38225746754206,16.849340033450147],[81.38198772990829,16.849718051878668],[81.38175808816145,16.849972441280347],[81.38148041196503,16.849785901828273]]]},"properties":{"Id":0,"Lp_number":98,"area":0,"perimeter":0,"LP":null,"LP_Match":null}},
{"type":"Feature","geometry":{"type":"Polygon","coordinates":[[[81.38280967857911,16.84836838267986],[81.3830089377562,16.847981758137042],[81.38319261836605,16.847625359303557],[81.38339820127047,16.84722646129891],[81.38358141484389,16.84687096554742],[81.38381134566829,16.8468650835373],[81.38364179096222,16.84715816243157],[81.38355009941743,16.847356216793568],[81.38349997734214,16.84746448062965],[81.38336658224213,16.847673416434326],[81.3832548167468,16.847848473526874],[81.38314305156398,16.848023529751888],[81.38308238064059,16.848198707889775],[81.38297303199701,16.848370582138863],[81.38288890994954,16.84849209155765],[81.38280967857911,16.84836838267986]]]},"properties":{"Id":0,"Lp_number":162,"area":0,"perimeter":0,"LP":null,"LP_Match":null}},
{"type":"Feature","geometry":{"type":"Polygon","coordinates":[[[81.38358141484389,16.84687096554742],[81.38342091376795,16.846872235442593],[81.38390357978027,16.846047677577246],[81.38415590488428,16.846029547510547],[81.38432505181026,16.845717185185542],[81.38448904684799,16.845905337489626],[81.38423454263652,16.846256555348788],[81.3840393881192,16.84652586907296],[81.38381134566829,16.8468650835373],[81.38358141484389,16.84687096554742]]]},"properties":{"Id":0,"Lp_number":163,"area":0,"perimeter":0,"LP":null,"LP_Match":null}},
{"type":"Feature","geometry":{"type":"Polygon","coordinates":[[[81.38432505181026,16.845717185185542],[81.38451838883023,16.8453777781088],[81.38507137874255,16.844795442064573],[81.38521756684125,16.844641495202122],[81.38532175193662,16.844600006859352],[81.38544401866626,16.84445923310924],[81.38550372502372,16.84439048914049],[81.38554696200059,16.844251495232207],[81.38576305262755,16.84427000884338],[81.38565552440349,16.84442330036228],[81.38558309987208,16.844445776020677],[81.38531976888945,16.844755180227697],[81.38516008067394,16.844951494323517],[81.38496770040271,16.845189802561098],[81.38477138624843,16.845470753839585],[81.38466080484605,16.845640963694212],[81.38448904684799,16.845905337489626],[81.38432505181026,16.845717185185542]]]},"properties":{"Id":0,"Lp_number":169,"area":0,"perimeter":0,"LP":null,"LP_Match":null}},
{"type":"Feature","geometry":{"type":"Polygon","coordinates":[[[81.38554696200059,16.844251495232207],[81.3855945419079,16.844057522077186],[81.38596936089927,16.84354951698934],[81.38611464571945,16.84335260656576],[81.38616157329417,16.843206482415106],[81.38628078797225,16.84296554501967],[81.3863717423558,16.84274696927735],[81.38647005967208,16.842559284450687],[81.38649186716837,16.84250541035105],[81.38658524771556,16.842500757482902],[81.38664356274303,16.84277861360678],[81.38654023588313,16.842995210943425],[81.38643150707796,16.843181442850458],[81.38635896794025,16.843305688461193],[81.3862793309708,16.843466644169613],[81.38616622136365,16.84369525151474],[81.38605318178519,16.843856401156888],[81.38593135227843,16.844030081382535],[81.38576305262755,16.84427000884338],[81.38554696200059,16.844251495232207]]]},"properties":{"Id":0,"Lp_number":172,"area":0,"perimeter":0,"LP":null,"LP_Match":null}},
{"type":"Feature","geometry":{"type":"Polygon","coordinates":[[[81.38732746787504,16.842729875466556],[81.3871720393674,16.84274267341053],[81.38700656869584,16.842742262990093],[81.38690084135322,16.842653254446045],[81.38671465575311,16.842642092973488],[81.38663154110255,16.84272133365033],[81.38658524771556,16.842500757482902],[81.38677452413158,16.84249132628479],[81.38693392430656,16.842483383613402],[81.38717678037655,16.842471282221375],[81.38739716966127,16.8424603000879],[81.38758857910767,16.84245076184483],[81.38758260535806,16.842330748566848],[81.38772362029765,16.842328736954943],[81.388033630737,16.842324314241214],[81.38834461529196,16.842317286516078],[81.38850678911017,16.8422449856635],[81.38863209169428,16.8421775228304],[81.38878034953763,16.84207130411577],[81.3887736344894,16.841999041803444],[81.3890214293206,16.841981711230375],[81.38904417899602,16.842222534120683],[81.38902660124319,16.842332002385774],[81.38868461823948,16.842482751933414],[81.38831374398465,16.842641807367784],[81.38796276244948,16.84266214568825],[81.38770887055588,16.842687962603023],[81.38732746787504,16.842729875466556]]]},"properties":{"Id":0,"Lp_number":185,"area":0,"perimeter":0,"LP":null,"LP_Match":null}},
{"type":"Feature","geometry":{"type":"Polygon","coordinates":[[[81.3887736344894,16.841999041803444],[81.38875601962353,16.841695148278195],[81.38885634038824,16.84150160923414],[81.38893744427322,16.84129699457773],[81.38892365904027,16.84072766379705],[81.38888374032805,16.84011283399437],[81.38914518525273,16.840084423346816],[81.38916287386408,16.840460896391864],[81.3892216834509,16.840944188677977],[81.38926827132802,16.84140707698774],[81.3892780695097,16.841504429539814],[81.3891470091716,16.841662833153094],[81.38910215132576,16.841869033976394],[81.3890214293206,16.841981711230375],[81.3887736344894,16.841999041803444]]]},"properties":{"Id":0,"Lp_number":186,"area":0,"perimeter":0,"LP":null,"LP_Match":null}},
{"type":"Feature","geometry":{"type":"Polygon","coordinates":[[[81.38888374032805,16.84011283399437],[81.38889771656692,16.839284999220308],[81.38890338051978,16.838949513611155],[81.3889666721061,16.83867871693701],[81.38898446604756,16.838495293953958],[81.38902903996231,16.838328849305192],[81.38902719285018,16.838170707433513],[81.38932862746722,16.838152558155784],[81.3892581593684,16.838390066202702],[81.38918105455649,16.838603867632294],[81.38917103522886,16.83910250870291],[81.38915631806455,16.839526760980064],[81.38914978569848,16.83980212528983],[81.38914518525273,16.840084423346816],[81.38888374032805,16.84011283399437]]]},"properties":{"Id":0,"Lp_number":187,"area":0,"perimeter":0,"LP":null,"LP_Match":null}},
{"type":"Feature","geometry":{"type":"Polygon","coordinates":[[[81.39226721464347,16.84209954746939],[81.39208210284751,16.842147254954],[81.39139760620759,16.842323663525377],[81.39080117254171,16.84246626238766],[81.39071672727425,16.84234858062055],[81.39087486421272,16.842320778473706],[81.39107319361553,16.842285909883405],[81.39131234752784,16.842201180442366],[81.3915695542555,16.84211005470655],[81.39175902239047,16.842087376044784],[81.39199261611012,16.84205941546009],[81.39193254365047,16.841894926518847],[81.3919478143681,16.84178008875267],[81.39222736827502,16.841788188391682],[81.3922907963649,16.841985073345935],[81.39251718813792,16.842022943723],[81.3925905195007,16.842286402878916],[81.39263394354313,16.842447883423986],[81.39271634864323,16.842573319836685],[81.39281853858525,16.84278752540687],[81.39287672997233,16.842985482398234],[81.39298156564284,16.843373113846717],[81.3930059117194,16.843466265641585],[81.3930585537728,16.84357998594686],[81.39313545304843,16.84374610778078],[81.3929234816769,16.843804921436245],[81.39279808610499,16.843398810654485],[81.39267522808603,16.84299407448969],[81.39258133801201,16.842677903178892],[81.39251581451553,16.842517117159343],[81.39244449820225,16.842342115985605],[81.39229543152187,16.84213815531191],[81.39226721464347,16.84209954746939]]]},"properties":{"Id":0,"Lp_number":214,"area":0,"perimeter":0,"LP":null,"LP_Match":null}},
{"type":"Feature","geometry":{"type":"Polygon","coordinates":[[[81.39329109199,16.845120142023255],[81.39323439719865,16.8448185621914],[81.39326376288045,16.844488527419855],[81.3929234816769,16.843804921436245],[81.39313545304843,16.84374610778078],[81.39337646201562,16.844464885464827],[81.39346399614574,16.845130138144544],[81.39329109199,16.845120142023255]]]},"properties":{"Id":0,"Lp_number":215,"area":0,"perimeter":0,"LP":null,"LP_Match":null}},
{"type":"Feature","geometry":{"type":"Polygon","coordinates":[[[81.39420589377957,16.84619443971775],[81.39424013546378,16.846355212141667],[81.39408879616876,16.846352051963883],[81.39393581684133,16.846341104300816],[81.39383626118169,16.846274733742156],[81.39368963910981,16.846239139051907],[81.39358965336429,16.846213487527347],[81.39352887878263,16.846131190514644],[81.39346104003039,16.846078733914034],[81.39338804456736,16.846022289807006],[81.39339319154129,16.84589424267662],[81.39329109199,16.845120142023255],[81.39346399614574,16.845130138144544],[81.39352711977659,16.845413153431043],[81.39360924393601,16.845616145808336],[81.39368171552464,16.846129973744723],[81.39402131099897,16.846186776728644],[81.39413216001849,16.846191378666777],[81.39420589377957,16.84619443971775]]]},"properties":{"Id":0,"Lp_number":218,"area":0,"perimeter":0,"LP":null,"LP_Match":null}},
{"type":"Feature","geometry":{"type":"Polygon","coordinates":[[[81.39424013546378,16.846355212141667],[81.39420589377957,16.84619443971775],[81.39443730424932,16.846195661875672],[81.39469151502514,16.84619134978721],[81.3948245605615,16.84618909285683],[81.3949125447969,16.846324861209933],[81.39494243364692,16.84643040545329],[81.39497209086883,16.846535131639673],[81.39500266643763,16.84664310058024],[81.39506245033878,16.84677649548185],[81.39512549968939,16.846917176301233],[81.39520662872712,16.84703501480614],[81.39529522591381,16.847126956004804],[81.39534117897603,16.84717464346819],[81.39543509349045,16.847249270478184],[81.39546017509159,16.847307650359898],[81.39549658184436,16.84739239056912],[81.39553023537407,16.847500923800926],[81.39559991779961,16.847703912412893],[81.39564016458097,16.847751549635678],[81.39553499397647,16.84783481631181],[81.39544636725822,16.847644306961772],[81.39531067653778,16.84740736049907],[81.395209977473,16.847320886104782],[81.39511606300866,16.847246258991465],[81.3950217923978,16.847141219991556],[81.3949767282685,16.846951568177865],[81.39491010594824,16.846684038363406],[81.39484833332125,16.84651658859755],[81.39468714472551,16.846372146774854],[81.3945139544922,16.84633782223309],[81.39424013546378,16.846355212141667]]]},"properties":{"Id":0,"Lp_number":209,"area":0,"perimeter":0,"LP":null,"LP_Match":null}},
{"type":"Feature","geometry":{"type":"Polygon","coordinates":[[[81.39553499397647,16.84783481631181],[81.39564016458097,16.847751549635742],[81.39574818049206,16.847879400146244],[81.39585127645626,16.847964231851577],[81.3959159419433,16.848017441274045],[81.39595958270242,16.848096837911445],[81.39599742832854,16.848165691267084],[81.39607180570228,16.84822399735987],[81.39615168689886,16.84828661795182],[81.39623889431579,16.848354981641805],[81.3964456112549,16.84851531105189],[81.39660105854493,16.848635875463028],[81.39669535082125,16.848716846349017],[81.39678231931333,16.848791528036354],[81.39686223800854,16.84880596561524],[81.39681959574068,16.84903624403182],[81.39673931136319,16.848946962208867],[81.3965326098183,16.848792193301303],[81.39625142262817,16.848571586861294],[81.39597971173939,16.848355196929393],[81.39574001496615,16.84807471939988],[81.39553499397647,16.84783481631181]]]},"properties":{"Id":0,"Lp_number":207,"area":0,"perimeter":0,"LP":null,"LP_Match":null}},
{"type":"Feature","geometry":{"type":"Polygon","coordinates":[[[81.38315650627374,16.857020968361237],[81.38282079829052,16.857049669210326],[81.38286716146087,16.856750775840823],[81.38285121438112,16.85637605933788],[81.38281551985783,16.856061640830365],[81.38279034707135,16.85571947867097],[81.38310275784967,16.855601032654764],[81.3831097570151,16.855904958767074],[81.3831190679171,16.85616580823859],[81.38314936141747,16.85640938661682],[81.38319331853329,16.85667483362015],[81.38318232181113,16.856814015232068],[81.38315650627374,16.857020968361237]]]},"properties":{"Id":0,"Lp_number":81,"area":0,"perimeter":0,"LP":null,"LP_Match":null}},
{"type":"Feature","geometry":{"type":"Polygon","coordinates":[[[81.38357207742722,16.85365149437413],[81.38354255208264,16.853969363091654],[81.38346694265604,16.854131604849613],[81.38336985766632,16.85434478402777],[81.38325879825979,16.85465640087571],[81.38318779349765,16.854823419616935],[81.38314398383203,16.8549059873104],[81.38312535435013,16.855026471087385],[81.3831155134018,16.855132415165617],[81.38310275784967,16.855601032654832],[81.38279034707136,16.85571947867104],[81.38278794222998,16.85551306216865],[81.38281203136277,16.855298910975907],[81.38288304186094,16.855119034942476],[81.38305198603797,16.85478842660639],[81.38317861752641,16.854549605155782],[81.38323407247744,16.854445019332534],[81.38327814821886,16.854218324456735],[81.38332932127214,16.8539372376898],[81.38336519691882,16.853720641416395],[81.38333567002528,16.85347760444169],[81.38332109067493,16.85335760100542],[81.38328476086399,16.853091561569553],[81.38322792334698,16.852954203619163],[81.38336455511767,16.852925561940395],[81.38342642323573,16.85312898532412],[81.38346282628895,16.85326695209577],[81.38351148559113,16.853413104471844],[81.38357207742722,16.85365149437413]]]},"properties":{"Id":0,"Lp_number":80,"area":0,"perimeter":0,"LP":null,"LP_Match":null}},
{"type":"Feature","geometry":{"type":"Polygon","coordinates":[[[81.38322792334698,16.852954203619163],[81.38319586023387,16.852876717316008],[81.38315319763169,16.852645435363694],[81.38313910791939,16.852569052262215],[81.38307034697966,16.852371504006104],[81.38297988792209,16.85202284732834],[81.38291133994271,16.851843546133964],[81.38278653675818,16.851399156350798],[81.38273056500765,16.851158397278393],[81.38273113843525,16.850894449154747],[81.38291270488011,16.85086771002996],[81.38289732738956,16.850997311679997],[81.38292990196818,16.851119373993818],[81.38298489220944,16.85124965642597],[81.38306622534758,16.851481245332284],[81.38311220360626,16.851614650188868],[81.38311573138938,16.85183981351456],[81.38313863433568,16.851993392330744],[81.38336455511767,16.852925561940395],[81.38322792334698,16.852954203619163]]]},"properties":{"Id":0,"Lp_number":74,"area":0,"perimeter":0,"LP":null,"LP_Match":null}},
{"type":"Feature","geometry":{"type":"Polygon","coordinates":[[[81.38273113843525,16.850894449154747],[81.38273160960524,16.850677572376913],[81.38321474905425,16.850547128670428],[81.38326820741108,16.85053024665787],[81.38334472395688,16.850252735352427],[81.38334257049915,16.84999663393415],[81.38339357626886,16.849918127441395],[81.38343276398193,16.84971656798103],[81.3834721731091,16.849534015943735],[81.38349149003115,16.849409476913905],[81.38353100979319,16.84923642857894],[81.38355004977731,16.849088130249587],[81.38374679428988,16.84904070343243],[81.38368624127276,16.849190983253116],[81.38365842903166,16.84947758084427],[81.38359959248137,16.849775168236008],[81.38353436442513,16.85041538473142],[81.38346257255787,16.850576212680892],[81.38344328481088,16.850619420990487],[81.38340265726137,16.850697432138833],[81.38292569455515,16.850758232787044],[81.38291270488011,16.85086771002996],[81.38273113843525,16.850894449154747]]]},"properties":{"Id":0,"Lp_number":75,"area":0,"perimeter":0,"LP":null,"LP_Match":null}},
{"type":"Feature","geometry":{"type":"Polygon","coordinates":[[[81.38342642323573,16.85312898532412],[81.38337723333524,16.852971296660982],[81.3834811291328,16.852975846784958],[81.38391691549857,16.852945537424464],[81.38430080921344,16.852917704162614],[81.3848096880168,16.852921939924467],[81.38488136883782,16.85291100320832],[81.38485847568384,16.853036915431755],[81.38462840382721,16.853048790519733],[81.38342642323573,16.85312898532412]]]},"properties":{"Id":0,"Lp_number":71,"area":0,"perimeter":0,"LP":null,"LP_Match":null}},
{"type":"Feature","geometry":{"type":"Polygon","coordinates":[[[81.38485847568384,16.853036915431755],[81.38488136883782,16.85291100320832],[81.3852739643683,16.852843995766083],[81.38573247817332,16.85274811643668],[81.38609440346592,16.852670428561897],[81.38658529143876,16.85262951803347],[81.38716294264349,16.852581375146954],[81.38789670659519,16.852280086189364],[81.38791359223289,16.852426599737488],[81.38767268009858,16.852530135574177],[81.38723913938821,16.85272049243862],[81.38669349287571,16.852723976335234],[81.3863023724603,16.852746961719845],[81.38625454361501,16.852754468760562],[81.38578491716528,16.85282643798746],[81.3851888186136,16.853000953633785],[81.38485847568384,16.853036915431755]]]},"properties":{"Id":0,"Lp_number":70,"area":0,"perimeter":0,"LP":null,"LP_Match":null}},
{"type":"Feature","geometry":{"type":"Polygon","coordinates":[[[81.38791359223289,16.852426599737488],[81.38789670659519,16.852280086189364],[81.38797873541388,16.852190588140036],[81.38845647682034,16.852196301659575],[81.38873498272216,16.852211341547143],[81.38894481872076,16.852220525840515],[81.38919186959467,16.852212055659535],[81.3896506637644,16.852196325033685],[81.39004493332884,16.85216798540098],[81.39013877579856,16.852299332727195],[81.38961861760194,16.852322679472266],[81.38923680773868,16.852342904722015],[81.38877465148924,16.852356343104496],[81.38843901238917,16.85236350337939],[81.38806579491181,16.85237064569359],[81.38798651452765,16.852410946062513],[81.38791359223289,16.852426599737488]]]},"properties":{"Id":0,"Lp_number":80,"area":0,"perimeter":0,"LP":null,"LP_Match":null}},
{"type":"Feature","geometry":{"type":"Polygon","coordinates":[[[81.38661208135767,16.855367309757067],[81.38651258853271,16.855384231491136],[81.3864889853611,16.855032183958397],[81.38646464297645,16.854692743841117],[81.38640866553365,16.854451985964634],[81.38640132803869,16.85411382801747],[81.38638560774584,16.853701208711357],[81.38634709650135,16.853310217586873],[81.38631135675902,16.852947362928916],[81.3863023724603,16.852746961719845],[81.38648178359205,16.852744481708687],[81.38649760702346,16.853174463078936],[81.38651794382392,16.853651514040486],[81.38653480645361,16.854013019318973],[81.38656658981009,16.85431664503027],[81.38659095304257,16.854812411012112],[81.38660425218478,16.85512207022735],[81.38661208135767,16.855367309757067]]]},"properties":{"Id":0,"Lp_number":61,"area":0,"perimeter":0,"LP":null,"LP_Match":null}},
{"type":"Feature","geometry":{"type":"Polygon","coordinates":[[[81.38958218204006,16.842780918920123],[81.3897738161763,16.842697906516236],[81.38996060385823,16.843753994974485],[81.38977015594477,16.84376087873571],[81.38970266885218,16.843317178266915],[81.38963795816606,16.84311107057155],[81.38958218204006,16.842780918920123]]]},"properties":{"Id":0,"Lp_number":201,"area":0,"perimeter":0,"LP":null,"LP_Match":null}},
{"type":"Feature","geometry":{"type":"Polygon","coordinates":[[[81.38996060385823,16.843753994974485],[81.39009544665218,16.844629991172862],[81.38999886657498,16.844672329547485],[81.3899344882572,16.844494733121934],[81.38991040045462,16.84421061314311],[81.38986600098056,16.84396549934829],[81.38977015594477,16.84376087873571],[81.38996060385823,16.843753994974485]]]},"properties":{"Id":0,"Lp_number":200,"area":0,"perimeter":0,"LP":null,"LP_Match":null}},
{"type":"Feature","geometry":{"type":"Polygon","coordinates":[[[81.3899743376981,16.846085262688998],[81.38994176900215,16.846006318733714],[81.3899863292162,16.845376595480246],[81.39001501997234,16.845166026809387],[81.38999886657498,16.844672329547485],[81.39009544665218,16.844629991172862],[81.39013007803263,16.84475005246727],[81.39017744781897,16.84605154643594],[81.3899743376981,16.846085262688998]]]},"properties":{"Id":0,"Lp_number":199,"area":0,"perimeter":0,"LP":null,"LP_Match":null}},
{"type":"Feature","geometry":{"type":"Polygon","coordinates":[[[81.3903264960825,16.856443600456462],[81.39016729302965,16.856469461620954],[81.39016352479325,16.856147096131533],[81.39022472328327,16.85581968595669],[81.39030211932288,16.855495385591936],[81.39031884664428,16.855220727263717],[81.39037599653027,16.85499282434409],[81.39039322144745,16.854760742578737],[81.39039723287205,16.854535377688563],[81.39042887996095,16.854399979297003],[81.39056077519571,16.854383409774428],[81.39050010558874,16.85504708998027],[81.3903264960825,16.856443600456462]]]},"properties":{"Id":0,"Lp_number":13,"area":0,"perimeter":0,"LP":null,"LP_Match":null}},
{"type":"Feature","geometry":{"type":"Polygon","coordinates":[[[81.39056077519571,16.854383409774428],[81.39042887996095,16.854399979297003],[81.39040555542627,16.85404375950291],[81.39036699609582,16.853654385973982],[81.39034410072294,16.853483274845562],[81.39029198235099,16.853093761100478],[81.39023470909338,16.852571352369228],[81.39017172991011,16.852300500954396],[81.3903002667076,16.852224755746843],[81.3904987779695,16.853059674171885],[81.39057906649424,16.85424256351405],[81.39056077519571,16.854383409774428]]]},"properties":{"Id":0,"Lp_number":48,"area":0,"perimeter":0,"LP":null,"LP_Match":null}},
{"type":"Feature","geometry":{"type":"Polygon","coordinates":[[[81.39017172991011,16.852300500954396],[81.39004493332884,16.85216798540098],[81.39001235401751,16.85204592432674],[81.38994808411236,16.851877831788773],[81.38991572706009,16.851774778102076],[81.38996406477035,16.851468181132123],[81.39021247979746,16.851399262258578],[81.3905118977774,16.851251834889396],[81.39059314717957,16.851095809894474],[81.39055923448932,16.850859704450322],[81.3905820118159,16.850143297619777],[81.39057981481623,16.849955365377184],[81.39049977864342,16.849326838982215],[81.39049471914565,16.849099850248567],[81.39066236882675,16.849068345598518],[81.39069560124157,16.849431709647554],[81.39071494567831,16.849643221473663],[81.39074964954057,16.84976936494902],[81.39077441276915,16.850143204143855],[81.39080759887733,16.850462656620216],[81.39075246124807,16.850838252859788],[81.39072036006246,16.85103969000161],[81.3906842225382,16.851278717474827],[81.3903015479298,16.851471184071112],[81.3901349804739,16.85155218553846],[81.39012799163307,16.852020362603465],[81.39025832825453,16.852154870738783],[81.3903002667076,16.852224755746843],[81.39017172991011,16.852300500954396]]]},"properties":{"Id":0,"Lp_number":55,"area":0,"perimeter":0,"LP":null,"LP_Match":null}},
{"type":"Feature","geometry":{"type":"Polygon","coordinates":[[[81.39049471914565,16.849099850248567],[81.39047391170828,16.848890659938405],[81.39041979859073,16.848703064360027],[81.39037695253316,16.848591002708833],[81.39029392661004,16.848594968333337],[81.39014174981877,16.84853289224866],[81.39006438348957,16.848501332851168],[81.39002847422124,16.848434686549865],[81.38997946941991,16.84834373532561],[81.38994634241324,16.848251405682664],[81.38992580121841,16.848194154423783],[81.38989321291895,16.848099609295232],[81.38986131064105,16.84800705435144],[81.38992058113715,16.84774748015957],[81.39005394267565,16.847607984350393],[81.39014506290921,16.847502142041666],[81.39025884046157,16.847369981506137],[81.39037155624342,16.84724098059826],[81.39032748863592,16.847024378126264],[81.39023164149509,16.84681975783253],[81.39016715111526,16.84663265782794],[81.39010210550647,16.84639803925255],[81.39003794861006,16.84623945032173],[81.3899743376981,16.846085262688998],[81.39017744781897,16.84605154643594],[81.39050437506567,16.8469230515574],[81.39050167162948,16.847402434987654],[81.39024713654216,16.847658023354214],[81.39014151374636,16.847860855699004],[81.39015301532476,16.848134165916818],[81.39018755856507,16.848246624180952],[81.39027209507535,16.848371909016134],[81.3903671478039,16.84840307287581],[81.39049021404755,16.848439135205883],[81.39058053492263,16.848463677588448],[81.39062462540738,16.848682180703957],[81.39066236882675,16.849068345598518],[81.39049471914565,16.849099850248567]]]},"properties":{"Id":0,"Lp_number":56,"area":0,"perimeter":0,"LP":null,"LP_Match":null}}
]}